symbol,feature,observations,mean,return_correlation,forward_5d_mean,positive_forward_5d_rate,classification
BDMS,momentum_20,878,-0.00805299679261435,0.20194394684770578,-0.001852350394097576,0.38496583143507973,DIAGNOSTIC_ONLY
BDMS,momentum_60,838,-0.026007376725216233,0.1251333688068306,-0.0019362116292345017,0.37828162291169454,DIAGNOSTIC_ONLY
BDMS,momentum_120,778,-0.06153974741553405,0.09253053018111028,-0.0015955521095638839,0.38431876606683807,DIAGNOSTIC_ONLY
BDMS,close_gt_sma20,897,0.4057971014492754,0.26000913412729887,-0.0018274904783048384,0.3835005574136009,DIAGNOSTIC_ONLY
BDMS,close_gt_sma50,897,0.3779264214046823,0.15868729046287036,-0.0018274904783048384,0.3835005574136009,DIAGNOSTIC_ONLY
BDMS,sma20_gt_sma50,897,0.3734671125975474,-0.028728595305299844,-0.0018274904783048384,0.3835005574136009,DIAGNOSTIC_ONLY
BDMS,volatility_20,878,0.013075442343315612,0.008411647674864622,-0.001852350394097576,0.38496583143507973,DIAGNOSTIC_ONLY
BDMS,volume_sma_20,879,45707982.81911263,0.01925898216514494,-0.001859765706385031,0.3845278725824801,DIAGNOSTIC_ONLY
BDMS,volume_ratio_20,879,1.0284950720649966,0.03608363622481229,-0.001859765706385031,0.3845278725824801,DIAGNOSTIC_ONLY
BGRIM,momentum_20,585,-0.041715817569204054,0.223888759402889,-0.0098577724736672,0.40683760683760684,DIAGNOSTIC_ONLY
BGRIM,momentum_60,545,-0.12206923473218038,0.11944764346303427,-0.010529530267171072,0.4036697247706422,DIAGNOSTIC_ONLY
BGRIM,momentum_120,485,-0.23293178079829002,0.033773548387622365,-0.010462861140845782,0.4041237113402062,DIAGNOSTIC_ONLY
BGRIM,close_gt_sma20,604,0.34271523178807944,0.2721911798129469,-0.009810981998157503,0.40397350993377484,DIAGNOSTIC_ONLY
BGRIM,close_gt_sma50,604,0.2682119205298013,0.1448016268938306,-0.009810981998157503,0.40397350993377484,DIAGNOSTIC_ONLY
BGRIM,sma20_gt_sma50,604,0.2814569536423841,-0.01725954254148992,-0.009810981998157503,0.40397350993377484,DIAGNOSTIC_ONLY
BGRIM,volatility_20,585,0.021880790781427167,0.0811694861955163,-0.0098577724736672,0.40683760683760684,DIAGNOSTIC_ONLY
BGRIM,volume_sma_20,586,13220852.482935153,0.07405571324703945,-0.00986218656622276,0.4061433447098976,DIAGNOSTIC_ONLY
BGRIM,volume_ratio_20,586,1.0189215567104508,-0.06408089595669633,-0.00986218656622276,0.4061433447098976,DIAGNOSTIC_ONLY
CENTEL,momentum_20,588,-0.009470869721868143,0.1869026995703156,-0.0019374772284943317,0.45918367346938777,DIAGNOSTIC_ONLY
CENTEL,momentum_60,548,-0.04759571556721756,0.15650176949858172,-0.002738219658248584,0.45072992700729925,DIAGNOSTIC_ONLY
CENTEL,momentum_120,488,-0.0991262350056894,0.13093358573790853,-0.0016484942988849514,0.4713114754098361,DIAGNOSTIC_ONLY
CENTEL,close_gt_sma20,607,0.46622734761120266,0.2515255147139354,-0.0016694933726745789,0.4645799011532125,DIAGNOSTIC_ONLY
CENTEL,close_gt_sma50,607,0.33278418451400327,0.16481615693675342,-0.0016694933726745789,0.4645799011532125,DIAGNOSTIC_ONLY
CENTEL,sma20_gt_sma50,607,0.31960461285008235,-0.08365384270336192,-0.0016694933726745789,0.4645799011532125,DIAGNOSTIC_ONLY
CENTEL,volatility_20,588,0.019199044903133112,-0.009372261238893924,-0.0019374772284943317,0.45918367346938777,DIAGNOSTIC_ONLY
CENTEL,volume_sma_20,589,3412255.5517826825,0.03842932800365188,-0.001868300831764823,0.4601018675721562,DIAGNOSTIC_ONLY
CENTEL,volume_ratio_20,589,1.0224631650337572,-0.08342313536560363,-0.001868300831764823,0.4601018675721562,DIAGNOSTIC_ONLY
COM7,momentum_20,754,0.003680512174582835,0.21426728437772735,0.0010464849368101632,0.46021220159151194,DIAGNOSTIC_ONLY
COM7,momentum_60,714,0.00952004069898355,0.1125842351971937,0.0014857320818339808,0.46078431372549017,DIAGNOSTIC_ONLY
COM7,momentum_120,654,4.3435798969108436e-05,0.0738345539717781,0.0023553769874948985,0.463302752293578,DIAGNOSTIC_ONLY
COM7,close_gt_sma20,773,0.46054333764553684,0.2620629879787927,0.0005339696696836918,0.4553686934023286,DIAGNOSTIC_ONLY
COM7,close_gt_sma50,773,0.45278137128072443,0.1459118298415014,0.0005339696696836918,0.4553686934023286,DIAGNOSTIC_ONLY
COM7,sma20_gt_sma50,773,0.4346701164294955,-0.019883245464836902,0.0005339696696836918,0.4553686934023286,DIAGNOSTIC_ONLY
COM7,volatility_20,754,0.02310419978812069,0.08781668373862127,0.0010464849368101632,0.46021220159151194,DIAGNOSTIC_ONLY
COM7,volume_sma_20,755,12845599.278145695,0.03139178349502896,0.001098853064421298,0.4609271523178808,DIAGNOSTIC_ONLY
COM7,volume_ratio_20,755,1.0118192734394444,-0.08627983801631409,0.001098853064421298,0.4609271523178808,DIAGNOSTIC_ONLY
GLOBAL,momentum_20,585,-0.038892926643449885,0.2154806057250142,-0.009894700482243878,0.40854700854700854,DIAGNOSTIC_ONLY
GLOBAL,momentum_60,545,-0.09772759890764844,0.13436006334168546,-0.009959872668998537,0.4036697247706422,DIAGNOSTIC_ONLY
GLOBAL,momentum_120,485,-0.15300932111787713,0.10656011140718265,-0.00964648932886326,0.41237113402061853,DIAGNOSTIC_ONLY
GLOBAL,close_gt_sma20,604,0.3890728476821192,0.24135214216202072,-0.010066821315934848,0.4105960264900662,DIAGNOSTIC_ONLY
GLOBAL,close_gt_sma50,604,0.32781456953642385,0.15934789974145486,-0.010066821315934848,0.4105960264900662,DIAGNOSTIC_ONLY
GLOBAL,sma20_gt_sma50,604,0.28807947019867547,0.008587712363443195,-0.010066821315934848,0.4105960264900662,DIAGNOSTIC_ONLY
GLOBAL,volatility_20,585,0.020613519118613626,-0.03113586689107926,-0.009894700482243878,0.40854700854700854,DIAGNOSTIC_ONLY
GLOBAL,volume_sma_20,586,11170921.352474403,-0.02766282360739896,-0.009861040340311185,0.40955631399317405,DIAGNOSTIC_ONLY
GLOBAL,volume_ratio_20,586,1.0152705154070518,-0.0740839866471925,-0.009861040340311185,0.40955631399317405,DIAGNOSTIC_ONLY
HMPRO,momentum_20,878,-0.015874963943398556,0.20438380133387193,-0.0038706093509595046,0.37471526195899774,DIAGNOSTIC_ONLY
HMPRO,momentum_60,838,-0.05109628647666947,0.09105535835056028,-0.003977567213698322,0.36754176610978523,DIAGNOSTIC_ONLY
HMPRO,momentum_120,778,-0.11443457790266884,0.09673883020240538,-0.004157755696060311,0.3676092544987147,DIAGNOSTIC_ONLY
HMPRO,close_gt_sma20,897,0.399108138238573,0.26915755250232815,-0.004200206475728368,0.3712374581939799,DIAGNOSTIC_ONLY
HMPRO,close_gt_sma50,897,0.2753623188405797,0.16902881178515053,-0.004200206475728368,0.3712374581939799,DIAGNOSTIC_ONLY
HMPRO,sma20_gt_sma50,897,0.2709030100334448,-0.024474201234161466,-0.004200206475728368,0.3712374581939799,DIAGNOSTIC_ONLY
HMPRO,volatility_20,878,0.017350226975026223,0.08144453797641646,-0.0038706093509595046,0.37471526195899774,DIAGNOSTIC_ONLY
HMPRO,volume_sma_20,879,31248652.44937429,0.057941957495803005,-0.0038583440362588194,0.37542662116040953,DIAGNOSTIC_ONLY
HMPRO,volume_ratio_20,879,1.0148143807077574,0.021865989583179913,-0.0038583440362588194,0.37542662116040953,DIAGNOSTIC_ONLY
IVL,momentum_20,878,-0.007651308175668129,0.21343716172716407,-0.0012717697709993077,0.43394077448747154,DIAGNOSTIC_ONLY
IVL,momentum_60,838,-0.019427599872924216,0.1148730988134841,-0.0004131186527979112,0.44630071599045346,DIAGNOSTIC_ONLY
IVL,momentum_120,778,-0.04309988766801423,0.043804645582148034,-0.00038253090668486614,0.4473007712082262,DIAGNOSTIC_ONLY
IVL,close_gt_sma20,897,0.42920847268673357,0.2651244177293474,-0.0010320217808084007,0.4358974358974359,DIAGNOSTIC_ONLY
IVL,close_gt_sma50,897,0.38684503901895206,0.1926830201398018,-0.0010320217808084007,0.4358974358974359,DIAGNOSTIC_ONLY
IVL,sma20_gt_sma50,897,0.4180602006688963,0.0257921165389884,-0.0010320217808084007,0.4358974358974359,DIAGNOSTIC_ONLY
IVL,volatility_20,878,0.023506381853913832,0.1234418276797689,-0.0012717697709993077,0.43394077448747154,DIAGNOSTIC_ONLY
IVL,volume_sma_20,879,20527844.080773607,0.10207343805423373,-0.0012772489887219699,0.4334470989761092,DIAGNOSTIC_ONLY
IVL,volume_ratio_20,879,1.0175590365956104,0.026266668751722844,-0.0012772489887219699,0.4334470989761092,DIAGNOSTIC_ONLY
KKP,momentum_20,273,0.06473357156305103,0.18624300645900285,0.014488284139821544,0.6117216117216118,DIAGNOSTIC_ONLY
KKP,momentum_60,233,0.19268893578397775,0.12227627329359807,0.01567951958374413,0.6394849785407726,DIAGNOSTIC_ONLY
KKP,momentum_120,173,0.3733067280362463,0.113473702521584,0.01699535013533799,0.6473988439306358,DIAGNOSTIC_ONLY
KKP,close_gt_sma20,292,0.7294520547945206,0.1618384325304565,0.016365110733736046,0.6301369863013698,DIAGNOSTIC_ONLY
KKP,close_gt_sma50,292,0.8253424657534246,-0.019698769123536818,0.016365110733736046,0.6301369863013698,DIAGNOSTIC_ONLY
KKP,sma20_gt_sma50,292,0.8356164383561644,-0.04892789953066931,0.016365110733736046,0.6301369863013698,DIAGNOSTIC_ONLY
KKP,volatility_20,273,0.014701815556544762,-0.008818226958737135,0.014488284139821544,0.6117216117216118,DIAGNOSTIC_ONLY
KKP,volume_sma_20,274,5075194.270072993,-0.002283160653518618,0.014553247657218618,0.6131386861313869,DIAGNOSTIC_ONLY
KKP,volume_ratio_20,274,1.0511446866571799,0.37896019434720907,0.014553247657218618,0.6131386861313869,DIAGNOSTIC_ONLY
KTB,momentum_20,878,0.022635674030254686,0.22639657914414577,0.005668635337122696,0.5261958997722096,DIAGNOSTIC_ONLY
KTB,momentum_60,838,0.06992255799481326,0.1254387055019954,0.006243837700294565,0.5369928400954654,DIAGNOSTIC_ONLY
KTB,momentum_120,778,0.13382200099723213,0.11579333468653795,0.005732059772713228,0.5282776349614395,DIAGNOSTIC_ONLY
KTB,close_gt_sma20,897,0.6053511705685619,0.27091182258041663,0.005390407349187438,0.5217391304347826,DIAGNOSTIC_ONLY
KTB,close_gt_sma50,897,0.6309921962095875,0.18367344957786708,0.005390407349187438,0.5217391304347826,DIAGNOSTIC_ONLY
KTB,sma20_gt_sma50,897,0.6421404682274248,0.04176957137907384,0.005390407349187438,0.5217391304347826,DIAGNOSTIC_ONLY
KTB,volatility_20,878,0.013900311307495758,0.01004598358653625,0.005668635337122696,0.5261958997722096,DIAGNOSTIC_ONLY
KTB,volume_sma_20,879,49691278.69510808,0.028683155097512025,0.005636437940118366,0.5255972696245734,DIAGNOSTIC_ONLY
KTB,volume_ratio_20,879,1.0123543032439313,0.09660146088615672,0.005636437940118366,0.5255972696245734,DIAGNOSTIC_ONLY
LH,momentum_20,878,-0.019647766344530082,0.22204950759009273,-0.005128801969904476,0.38496583143507973,DIAGNOSTIC_ONLY
LH,momentum_60,838,-0.0610893773053703,0.07638531146378234,-0.005307935753887156,0.3854415274463007,DIAGNOSTIC_ONLY
LH,momentum_120,778,-0.12736362971682122,0.11713678221447846,-0.004778261738051215,0.39331619537275064,DIAGNOSTIC_ONLY
LH,close_gt_sma20,897,0.37681159420289856,0.2413940790709375,-0.0049601472091804445,0.38684503901895206,DIAGNOSTIC_ONLY
LH,close_gt_sma50,897,0.2887402452619844,0.16789935634066028,-0.0049601472091804445,0.38684503901895206,DIAGNOSTIC_ONLY
LH,sma20_gt_sma50,897,0.2831661092530658,0.011582049203025016,-0.0049601472091804445,0.38684503901895206,DIAGNOSTIC_ONLY
LH,volatility_20,878,0.01416782618349938,0.02223240855942368,-0.005128801969904476,0.38496583143507973,DIAGNOSTIC_ONLY
LH,volume_sma_20,879,33409290.870307166,0.0011429093879311407,-0.005134432853166527,0.3845278725824801,DIAGNOSTIC_ONLY
LH,volume_ratio_20,879,1.005926152611965,-0.1809456896452852,-0.005134432853166527,0.3845278725824801,DIAGNOSTIC_ONLY
MTC,momentum_20,878,0.00030375949001774406,0.20761075052460673,-0.00021844341084092264,0.44646924829157175,DIAGNOSTIC_ONLY
MTC,momentum_60,838,0.00042498115140865726,0.08848066848322678,0.0004116520634296358,0.4522673031026253,DIAGNOSTIC_ONLY
MTC,momentum_120,778,-0.017380312312910474,0.10658041648302582,-0.0005037881007334146,0.44473007712082263,DIAGNOSTIC_ONLY
MTC,close_gt_sma20,897,0.4659977703455964,0.27627232329710866,-0.00015558254583355886,0.4459308807134894,DIAGNOSTIC_ONLY
MTC,close_gt_sma50,897,0.43255295429208473,0.16385013894915543,-0.00015558254583355886,0.4459308807134894,DIAGNOSTIC_ONLY
MTC,sma20_gt_sma50,897,0.4414715719063545,-0.04541762956542646,-0.00015558254583355886,0.4459308807134894,DIAGNOSTIC_ONLY
MTC,volatility_20,878,0.021916903013276992,0.07858194636293418,-0.00021844341084092264,0.44646924829157175,DIAGNOSTIC_ONLY
MTC,volume_sma_20,879,8963423.725824801,0.04826437624065572,-0.00020323707350033106,0.447098976109215,DIAGNOSTIC_ONLY
MTC,volume_ratio_20,879,1.0107398741237164,0.037837205684793235,-0.00020323707350033106,0.447098976109215,DIAGNOSTIC_ONLY
OSP,momentum_20,878,-0.008166338650809577,0.19979388445763646,-0.0021488059426767445,0.4498861047835991,DIAGNOSTIC_ONLY
OSP,momentum_60,838,-0.029631211254457824,0.11671544251804397,-0.002800397615714935,0.4498806682577566,DIAGNOSTIC_ONLY
OSP,momentum_120,778,-0.07787654246087145,0.06761263049406253,-0.0027096438214842164,0.455012853470437,DIAGNOSTIC_ONLY
OSP,close_gt_sma20,897,0.4916387959866221,0.2728905172921994,-0.0022471936812972935,0.44481605351170567,DIAGNOSTIC_ONLY
OSP,close_gt_sma50,897,0.4136008918617614,0.16597511964296757,-0.0022471936812972935,0.44481605351170567,DIAGNOSTIC_ONLY
OSP,sma20_gt_sma50,897,0.43032329988851725,-0.004192120585488147,-0.0022471936812972935,0.44481605351170567,DIAGNOSTIC_ONLY
OSP,volatility_20,878,0.018202198957805428,0.016865507551210055,-0.0021488059426767445,0.4498861047835991,DIAGNOSTIC_ONLY
OSP,volume_sma_20,879,10364363.98748578,-0.007580461443378274,-0.002175937822565578,0.44937428896473264,DIAGNOSTIC_ONLY
OSP,volume_ratio_20,879,1.024442648792557,0.02425222220813451,-0.002175937822565578,0.44937428896473264,DIAGNOSTIC_ONLY
PTTGC,momentum_20,878,0.0024142147770704826,0.23592934259196974,0.001008215617484959,0.46697038724373574,DIAGNOSTIC_ONLY
PTTGC,momentum_60,838,0.0045151934328382486,0.13922815328015864,0.0014883809407433138,0.4701670644391408,DIAGNOSTIC_ONLY
PTTGC,momentum_120,778,0.016960820759233813,0.06258974678752918,0.002699007716788921,0.4845758354755784,DIAGNOSTIC_ONLY
PTTGC,close_gt_sma20,897,0.4882943143812709,0.2533508368660358,0.0012462712696733563,0.46711259754738016,DIAGNOSTIC_ONLY
PTTGC,close_gt_sma50,897,0.41471571906354515,0.17340892331467392,0.0012462712696733563,0.46711259754738016,DIAGNOSTIC_ONLY
PTTGC,sma20_gt_sma50,897,0.4214046822742475,0.0572007869037315,0.0012462712696733563,0.46711259754738016,DIAGNOSTIC_ONLY
PTTGC,volatility_20,878,0.023937281077890487,0.08796484170389327,0.001008215617484959,0.46697038724373574,DIAGNOSTIC_ONLY
PTTGC,volume_sma_20,879,20641051.78384528,0.09390667401931435,0.000995620405107973,0.4664391353811149,DIAGNOSTIC_ONLY
PTTGC,volume_ratio_20,879,1.0207345972551218,0.04228928986234906,0.000995620405107973,0.4664391353811149,DIAGNOSTIC_ONLY
RATCH,momentum_20,878,-0.0015074702877870452,0.21994460684390818,-0.00023902755393838513,0.417995444191344,DIAGNOSTIC_ONLY
RATCH,momentum_60,838,-0.0048159423340456585,0.1355260786500692,0.0003386008091167884,0.42840095465393796,DIAGNOSTIC_ONLY
RATCH,momentum_120,778,-0.018638193104829535,0.10672524240668727,0.0008017387882645253,0.43573264781491,DIAGNOSTIC_ONLY
RATCH,close_gt_sma20,897,0.45484949832775917,0.2776494545454442,-0.00036133942732483884,0.4124860646599777,DIAGNOSTIC_ONLY
RATCH,close_gt_sma50,897,0.40468227424749165,0.15024772188103902,-0.00036133942732483884,0.4124860646599777,DIAGNOSTIC_ONLY
RATCH,sma20_gt_sma50,897,0.3979933110367893,0.026830054299724893,-0.00036133942732483884,0.4124860646599777,DIAGNOSTIC_ONLY
RATCH,volatility_20,878,0.014214000729444972,0.0870990823031841,-0.00023902755393838513,0.417995444191344,DIAGNOSTIC_ONLY
RATCH,volume_sma_20,879,3215921.9738339023,0.0006593672376865535,-0.00025198140529728724,0.41751990898748575,DIAGNOSTIC_ONLY
RATCH,volume_ratio_20,879,1.0165617537748373,0.047053140164147196,-0.00025198140529728724,0.41751990898748575,DIAGNOSTIC_ONLY
SCGP,momentum_20,878,-0.007497782454701924,0.223505654409719,-0.0017758811448054439,0.43507972665148065,DIAGNOSTIC_ONLY
SCGP,momentum_60,838,-0.020775669383175793,0.13001085797727518,-0.0010898375651162797,0.4379474940334129,DIAGNOSTIC_ONLY
SCGP,momentum_120,778,-0.046328605386622534,0.09714115227635321,0.00031245590789338173,0.45115681233933164,DIAGNOSTIC_ONLY
SCGP,close_gt_sma20,897,0.43924191750278707,0.2469651371657258,-0.00228284374464032,0.43032329988851725,DIAGNOSTIC_ONLY
SCGP,close_gt_sma50,897,0.43924191750278707,0.17994668114670834,-0.00228284374464032,0.43032329988851725,DIAGNOSTIC_ONLY
SCGP,sma20_gt_sma50,897,0.44704570791527315,0.037625020141968765,-0.00228284374464032,0.43032329988851725,DIAGNOSTIC_ONLY
SCGP,volatility_20,878,0.0230847891699152,0.09033432844653563,-0.0017758811448054439,0.43507972665148065,DIAGNOSTIC_ONLY
SCGP,volume_sma_20,879,11755451.205915814,0.02490492315734301,-0.0017575814987831574,0.43572241183162685,DIAGNOSTIC_ONLY
SCGP,volume_ratio_20,879,1.0114229785999482,0.07308174208798002,-0.0017575814987831574,0.43572241183162685,DIAGNOSTIC_ONLY
THAI,momentum_20,28,-0.026206537658799888,0.17932352392003906,0.0025556946730714847,0.39285714285714285,INSUFFICIENT_EVIDENCE
THAI,momentum_60,0,,,,,INSUFFICIENT_EVIDENCE
THAI,momentum_120,0,,,,,INSUFFICIENT_EVIDENCE
THAI,close_gt_sma20,47,0.2765957446808511,0.29938671241910914,-0.009556571199736913,0.2978723404255319,INSUFFICIENT_EVIDENCE
THAI,close_gt_sma50,47,0.0,,-0.009556571199736913,0.2978723404255319,INSUFFICIENT_EVIDENCE
THAI,sma20_gt_sma50,47,0.0,,-0.009556571199736913,0.2978723404255319,INSUFFICIENT_EVIDENCE
THAI,volatility_20,28,0.01762389038248533,-0.042746895597860005,0.0025556946730714847,0.39285714285714285,INSUFFICIENT_EVIDENCE
THAI,volume_sma_20,29,130145471.72413793,0.1422589616641433,-0.0007287606757959234,0.3793103448275862,INSUFFICIENT_EVIDENCE
THAI,volume_ratio_20,29,1.2666061995445017,-0.16944879846047659,-0.0007287606757959234,0.3793103448275862,INSUFFICIENT_EVIDENCE
TOP,momentum_20,878,0.008887286491253898,0.22953407526092795,0.0019735363845390344,0.49316628701594534,DIAGNOSTIC_ONLY
TOP,momentum_60,838,0.024839717573858503,0.14554353117600757,0.002509954282922597,0.4988066825775656,DIAGNOSTIC_ONLY
TOP,momentum_120,778,0.0496617467865739,0.11018720756193642,0.003756452864609929,0.5141388174807198,DIAGNOSTIC_ONLY
TOP,close_gt_sma20,897,0.4816053511705686,0.2757571491199748,0.00227296000345116,0.4972129319955407,DIAGNOSTIC_ONLY
TOP,close_gt_sma50,897,0.49052396878483834,0.1808850263550501,0.00227296000345116,0.4972129319955407,DIAGNOSTIC_ONLY
TOP,sma20_gt_sma50,897,0.4916387959866221,0.03322955798158313,0.00227296000345116,0.4972129319955407,DIAGNOSTIC_ONLY
TOP,volatility_20,878,0.021434602423055598,0.004568159818014289,0.0019735363845390344,0.49316628701594534,DIAGNOSTIC_ONLY
TOP,volume_sma_20,879,13235461.718998862,0.03678180043817216,0.001923405331256838,0.4926052332195677,DIAGNOSTIC_ONLY
TOP,volume_ratio_20,879,1.0240120379499094,-0.08668156232689207,0.001923405331256838,0.4926052332195677,DIAGNOSTIC_ONLY
