set_symbol,yahoo_ticker,raw_file,acquisition_status,validation_findings,affected_dates_or_ranges,issue_classification,evidence_source,approval_status,reason,approved_from,approved_to
INTUCH,INTUCH.BK,,NO_DATA,,No acquired data range,MISSING_YAHOO_DATA;CORPORATE_ACTION_ISSUE;TICKER_IDENTITY_ISSUE,reports/market_data_acquisition.csv; reports/yahoo_ticker_audit.csv,REJECTED,Yahoo mapping/data is unavailable; retain INTUCH only as the pre-merger identity.,,
ADVANC,ADVANC.BK,data\raw\market_data\ADVANC_BK.csv,PARTIAL,High below Open/Close by 1.00 (0.44%),2023-01-03 to 2026-09-04,OHLC_ANOMALY;YAHOO_VENDOR_DATA_ISSUE_SUSPECTED,reports/market_data_acquisition.csv; reports/yahoo_ticker_audit.csv; reports/ohlc_anomaly_adjudication.csv,NEEDS_REVIEW,"Raw OHLC relationship warning is visible; adjudication found no public authoritative daily comparison, so it cannot be accepted, repaired, or replaced.",,
AOT,AOT.BK,data\raw\market_data\AOT_BK.csv,PARTIAL,Low above Open/Close by 0.25 (0.36%),2023-01-03 to 2026-09-04,OHLC_ANOMALY;YAHOO_VENDOR_DATA_ISSUE_SUSPECTED,reports/market_data_acquisition.csv; reports/yahoo_ticker_audit.csv; reports/ohlc_anomaly_adjudication.csv,NEEDS_REVIEW,"Raw OHLC relationship warning is visible; adjudication found no public authoritative daily comparison, so it cannot be accepted, repaired, or replaced.",,
AWC,AWC.BK,data\raw\market_data\AWC_BK.csv,PARTIAL,Low above Open/Close by 0.02 (0.49%),2023-01-03 to 2026-09-04,OHLC_ANOMALY;YAHOO_VENDOR_DATA_ISSUE_SUSPECTED,reports/market_data_acquisition.csv; reports/yahoo_ticker_audit.csv; reports/ohlc_anomaly_adjudication.csv,NEEDS_REVIEW,"Raw OHLC relationship warning is visible; adjudication found no public authoritative daily comparison, so it cannot be accepted, repaired, or replaced.",,
BANPU,BANPU.BK,data\raw\market_data\BANPU_BK.csv,PARTIAL,"High below Open/Close by 0.10 (0.69%); missing reference trading dates: 18 (2026-08-12 to 2026-09-04): 2026-08-12, 2026-08-13, 2026-08-14, 2026-08-17, 2026-08-18, 2026-08-19, 2026-08-20, 2026-08-21, 2026-08-24, 2026-08-25, 2026-08-26, 2026-08-27, 2026-08-28, 2026-08-31, 2026-09-01, 2026-09-02, 2026-09-03, 2026-09-04",2023-01-03 to 2026-08-11,KNOWN_SUSPENSION;OHLC_ANOMALY;INSUFFICIENT_HISTORICAL_COVERAGE,reports/market_data_acquisition.csv; reports/yahoo_ticker_audit.csv,NEEDS_REVIEW,"Suspension is documented, but the OHLC anomaly and trailing coverage gap require review.",,
BBL,BBL.BK,data\raw\market_data\BBL_BK.csv,PARTIAL,High below Open/Close by 0.50 (0.31%); Low above Open/Close by 0.50 (0.32%),2023-01-03 to 2026-09-04,OHLC_ANOMALY;YAHOO_VENDOR_DATA_ISSUE_SUSPECTED,reports/market_data_acquisition.csv; reports/yahoo_ticker_audit.csv; reports/ohlc_anomaly_adjudication.csv,NEEDS_REVIEW,"Raw OHLC relationship warning is visible; adjudication found no public authoritative daily comparison, so it cannot be accepted, repaired, or replaced.",,
BCP,BCP.BK,data\raw\market_data\BCP_BK.csv,PARTIAL,High below Open/Close by 0.50 (1.56%),2023-01-03 to 2026-09-04,OHLC_ANOMALY;YAHOO_VENDOR_DATA_ISSUE_SUSPECTED,reports/market_data_acquisition.csv; reports/yahoo_ticker_audit.csv; reports/ohlc_anomaly_adjudication.csv,NEEDS_REVIEW,"Raw OHLC relationship warning is visible; adjudication found no public authoritative daily comparison, so it cannot be accepted, repaired, or replaced.",,
BDMS,BDMS.BK,data\raw\market_data\BDMS_BK.csv,SUCCESS,,2023-01-03 to 2026-09-04,NONE,reports/market_data_acquisition.csv; reports/yahoo_ticker_audit.csv,APPROVED,No acquisition validation findings were recorded.,2023-01-03,2026-09-04
BEM,BEM.BK,data\raw\market_data\BEM_BK.csv,PARTIAL,High below Open/Close by 0.05 (0.56%); Low above Open/Close by 0.05 (0.58%),2023-01-03 to 2026-09-04,OHLC_ANOMALY;YAHOO_VENDOR_DATA_ISSUE_SUSPECTED,reports/market_data_acquisition.csv; reports/yahoo_ticker_audit.csv; reports/ohlc_anomaly_adjudication.csv,NEEDS_REVIEW,"Raw OHLC relationship warning is visible; adjudication found no public authoritative daily comparison, so it cannot be accepted, repaired, or replaced.",,
BGRIM,BGRIM.BK,data\raw\market_data\BGRIM_BK.csv,SUCCESS,,2023-01-03 to 2026-09-04,NONE,reports/market_data_acquisition.csv; reports/yahoo_ticker_audit.csv,APPROVED,No acquisition validation findings were recorded.,2023-01-03,2026-09-04
BH,BH.BK,data\raw\market_data\BH_BK.csv,PARTIAL,High below Open/Close by 2.00 (0.77%); Low above Open/Close by 1.00 (0.37%),2023-01-03 to 2026-09-04,OHLC_ANOMALY;YAHOO_VENDOR_DATA_ISSUE_SUSPECTED,reports/market_data_acquisition.csv; reports/yahoo_ticker_audit.csv; reports/ohlc_anomaly_adjudication.csv,NEEDS_REVIEW,"Raw OHLC relationship warning is visible; adjudication found no public authoritative daily comparison, so it cannot be accepted, repaired, or replaced.",,
BJC,BJC.BK,data\raw\market_data\BJC_BK.csv,PARTIAL,High below Open/Close by 0.25 (0.72%); Low above Open/Close by 0.25 (0.68%),2023-01-03 to 2026-09-04,OHLC_ANOMALY;YAHOO_VENDOR_DATA_ISSUE_SUSPECTED,reports/market_data_acquisition.csv; reports/yahoo_ticker_audit.csv; reports/ohlc_anomaly_adjudication.csv,NEEDS_REVIEW,"Raw OHLC relationship warning is visible; adjudication found no public authoritative daily comparison, so it cannot be accepted, repaired, or replaced.",,
BTS,BTS.BK,data\raw\market_data\BTS_BK.csv,PARTIAL,High below Open/Close by 0.05 (0.68%),2023-01-03 to 2026-09-04,OHLC_ANOMALY;YAHOO_VENDOR_DATA_ISSUE_SUSPECTED,reports/market_data_acquisition.csv; reports/yahoo_ticker_audit.csv; reports/ohlc_anomaly_adjudication.csv,NEEDS_REVIEW,"Raw OHLC relationship warning is visible; adjudication found no public authoritative daily comparison, so it cannot be accepted, repaired, or replaced.",,
CBG,CBG.BK,data\raw\market_data\CBG_BK.csv,PARTIAL,High below Open/Close by 1.00 (1.19%); Low above Open/Close by 0.50 (0.62%),2023-01-03 to 2026-09-04,OHLC_ANOMALY;YAHOO_VENDOR_DATA_ISSUE_SUSPECTED,reports/market_data_acquisition.csv; reports/yahoo_ticker_audit.csv; reports/ohlc_anomaly_adjudication.csv,NEEDS_REVIEW,"Raw OHLC relationship warning is visible; adjudication found no public authoritative daily comparison, so it cannot be accepted, repaired, or replaced.",,
CCET,CCET.BK,data\raw\market_data\CCET_BK.csv,PARTIAL,Low above Open/Close by 0.04 (2.16%),2023-01-03 to 2026-09-04,OHLC_ANOMALY;YAHOO_VENDOR_DATA_ISSUE_SUSPECTED,reports/market_data_acquisition.csv; reports/yahoo_ticker_audit.csv; reports/ohlc_anomaly_adjudication.csv,NEEDS_REVIEW,"Raw OHLC relationship warning is visible; adjudication found no public authoritative daily comparison, so it cannot be accepted, repaired, or replaced.",,
CENTEL,CENTEL.BK,data\raw\market_data\CENTEL_BK.csv,SUCCESS,,2023-01-03 to 2026-09-04,NONE,reports/market_data_acquisition.csv; reports/yahoo_ticker_audit.csv,APPROVED,No acquisition validation findings were recorded.,2023-01-03,2026-09-04
COM7,COM7.BK,data\raw\market_data\COM7_BK.csv,SUCCESS,,2023-01-03 to 2026-09-04,NONE,reports/market_data_acquisition.csv; reports/yahoo_ticker_audit.csv,APPROVED,No acquisition validation findings were recorded.,2023-01-03,2026-09-04
CPALL,CPALL.BK,data\raw\market_data\CPALL_BK.csv,PARTIAL,High below Open/Close by 0.25 (0.39%),2023-01-03 to 2026-09-04,OHLC_ANOMALY;YAHOO_VENDOR_DATA_ISSUE_SUSPECTED,reports/market_data_acquisition.csv; reports/yahoo_ticker_audit.csv; reports/ohlc_anomaly_adjudication.csv,NEEDS_REVIEW,"Raw OHLC relationship warning is visible; adjudication found no public authoritative daily comparison, so it cannot be accepted, repaired, or replaced.",,
CPF,CPF.BK,data\raw\market_data\CPF_BK.csv,PARTIAL,High below Open/Close by 0.10 (0.49%); Low above Open/Close by 0.10 (0.51%),2023-01-03 to 2026-09-04,OHLC_ANOMALY;YAHOO_VENDOR_DATA_ISSUE_SUSPECTED,reports/market_data_acquisition.csv; reports/yahoo_ticker_audit.csv; reports/ohlc_anomaly_adjudication.csv,NEEDS_REVIEW,"Raw OHLC relationship warning is visible; adjudication found no public authoritative daily comparison, so it cannot be accepted, repaired, or replaced.",,
CPN,CPN.BK,data\raw\market_data\CPN_BK.csv,PARTIAL,High below Open/Close by 0.25 (0.37%); Low above Open/Close by 0.25 (0.38%),2023-01-03 to 2026-09-04,OHLC_ANOMALY;YAHOO_VENDOR_DATA_ISSUE_SUSPECTED,reports/market_data_acquisition.csv; reports/yahoo_ticker_audit.csv; reports/ohlc_anomaly_adjudication.csv,NEEDS_REVIEW,"Raw OHLC relationship warning is visible; adjudication found no public authoritative daily comparison, so it cannot be accepted, repaired, or replaced.",,
CRC,CRC.BK,data\raw\market_data\CRC_BK.csv,PARTIAL,Low above Open/Close by 0.25 (0.66%),2023-01-03 to 2026-09-04,OHLC_ANOMALY;YAHOO_VENDOR_DATA_ISSUE_SUSPECTED,reports/market_data_acquisition.csv; reports/yahoo_ticker_audit.csv; reports/ohlc_anomaly_adjudication.csv,NEEDS_REVIEW,"Raw OHLC relationship warning is visible; adjudication found no public authoritative daily comparison, so it cannot be accepted, repaired, or replaced.",,
DELTA,DELTA.BK,data\raw\market_data\DELTA_BK.csv,PARTIAL,High below Open/Close by 2.25 (2.27%),2023-01-03 to 2026-09-04,OHLC_ANOMALY;YAHOO_VENDOR_DATA_ISSUE_SUSPECTED,reports/market_data_acquisition.csv; reports/yahoo_ticker_audit.csv; reports/ohlc_anomaly_adjudication.csv,NEEDS_REVIEW,"Raw OHLC relationship warning is visible; adjudication found no public authoritative daily comparison, so it cannot be accepted, repaired, or replaced.",,
EA,EA.BK,data\raw\market_data\EA_BK.csv,PARTIAL,Low above Open/Close by 0.25 (0.43%),2023-01-03 to 2026-09-04,OHLC_ANOMALY;YAHOO_VENDOR_DATA_ISSUE_SUSPECTED,reports/market_data_acquisition.csv; reports/yahoo_ticker_audit.csv; reports/ohlc_anomaly_adjudication.csv,NEEDS_REVIEW,"Raw OHLC relationship warning is visible; adjudication found no public authoritative daily comparison, so it cannot be accepted, repaired, or replaced.",,
EGCO,EGCO.BK,data\raw\market_data\EGCO_BK.csv,PARTIAL,High below Open/Close by 2.50 (1.73%); Low above Open/Close by 0.50 (0.42%),2023-01-03 to 2026-09-04,OHLC_ANOMALY;YAHOO_VENDOR_DATA_ISSUE_SUSPECTED,reports/market_data_acquisition.csv; reports/yahoo_ticker_audit.csv; reports/ohlc_anomaly_adjudication.csv,NEEDS_REVIEW,"Raw OHLC relationship warning is visible; adjudication found no public authoritative daily comparison, so it cannot be accepted, repaired, or replaced.",,
GLOBAL,GLOBAL.BK,data\raw\market_data\GLOBAL_BK.csv,SUCCESS,,2023-01-03 to 2026-09-04,NONE,reports/market_data_acquisition.csv; reports/yahoo_ticker_audit.csv,APPROVED,No acquisition validation findings were recorded.,2023-01-03,2026-09-04
GPSC,GPSC.BK,data\raw\market_data\GPSC_BK.csv,PARTIAL,High below Open/Close by 0.25 (0.38%); Low above Open/Close by 0.25 (0.54%),2023-01-03 to 2026-09-04,OHLC_ANOMALY;YAHOO_VENDOR_DATA_ISSUE_SUSPECTED,reports/market_data_acquisition.csv; reports/yahoo_ticker_audit.csv; reports/ohlc_anomaly_adjudication.csv,NEEDS_REVIEW,"Raw OHLC relationship warning is visible; adjudication found no public authoritative daily comparison, so it cannot be accepted, repaired, or replaced.",,
GULF,GULF.BK,data\raw\market_data\GULF_BK.csv,PARTIAL,"missing reference trading dates: 550 (2023-01-03 to 2025-04-02): 2023-01-03, 2023-01-04, 2023-01-05, 2023-01-06, 2023-01-09, 2023-01-10, 2023-01-11, 2023-01-12, 2023-01-13, 2023-01-16, 2023-01-17, 2023-01-18, 2023-01-19, 2023-01-20, 2023-01-23, 2023-01-24, 2023-01-25, 2023-01-26, 2023-01-27, 2023-01-30, 2023-01-31, 2023-02-01, 2023-02-02, 2023-02-03, 2023-02-06, 2023-02-07, 2023-02-08, 2023-02-09, 2023-02-10, 2023-02-13, 2023-02-14, 2023-02-15, 2023-02-16, 2023-02-17, 2023-02-20, 2023-02-21, 2023-02-22, 2023-02-23, 2023-02-24, 2023-02-27, 2023-02-28, 2023-03-01, 2023-03-02, 2023-03-03, 2023-03-07, 2023-03-08, 2023-03-09, 2023-03-10, 2023-03-13, 2023-03-14, 2023-03-15, 2023-03-16, 2023-03-17, 2023-03-20, 2023-03-21, 2023-03-22, 2023-03-23, 2023-03-24, 2023-03-27, 2023-03-28, 2023-03-29, 2023-03-30, 2023-03-31, 2023-04-03, 2023-04-04, 2023-04-05, 2023-04-07, 2023-04-10, 2023-04-11, 2023-04-12, 2023-04-17, 2023-04-18, 2023-04-19, 2023-04-20, 2023-04-21, 2023-04-24, 2023-04-25, 2023-04-26, 2023-04-27, 2023-04-28, 2023-05-02, 2023-05-03, 2023-05-08, 2023-05-09, 2023-05-10, 2023-05-11, 2023-05-12, 2023-05-15, 2023-05-16, 2023-05-17, 2023-05-18, 2023-05-19, 2023-05-22, 2023-05-23, 2023-05-24, 2023-05-25, 2023-05-26, 2023-05-29, 2023-05-30, 2023-05-31, 2023-06-01, 2023-06-02, 2023-06-06, 2023-06-07, 2023-06-08, 2023-06-09, 2023-06-12, 2023-06-13, 2023-06-14, 2023-06-15, 2023-06-16, 2023-06-19, 2023-06-20, 2023-06-21, 2023-06-22, 2023-06-23, 2023-06-26, 2023-06-27, 2023-06-28, 2023-06-29, 2023-06-30, 2023-07-03, 2023-07-04, 2023-07-05, 2023-07-06, 2023-07-07, 2023-07-10, 2023-07-11, 2023-07-12, 2023-07-13, 2023-07-14, 2023-07-17, 2023-07-18, 2023-07-19, 2023-07-20, 2023-07-21, 2023-07-24, 2023-07-25, 2023-07-26, 2023-07-27, 2023-07-31, 2023-08-02, 2023-08-03, 2023-08-04, 2023-08-07, 2023-08-08, 2023-08-09, 2023-08-10, 2023-08-11, 2023-08-15, 2023-08-16, 2023-08-17, 2023-08-18, 2023-08-21, 2023-08-22, 2023-08-23, 2023-08-24, 2023-08-25, 2023-08-28, 2023-08-29, 2023-08-30, 2023-08-31, 2023-09-01, 2023-09-04, 2023-09-05, 2023-09-06, 2023-09-07, 2023-09-08, 2023-09-11, 2023-09-12, 2023-09-13, 2023-09-14, 2023-09-15, 2023-09-18, 2023-09-19, 2023-09-20, 2023-09-21, 2023-09-22, 2023-09-25, 2023-09-26, 2023-09-27, 2023-09-28, 2023-09-29, 2023-10-02, 2023-10-03, 2023-10-04, 2023-10-05, 2023-10-06, 2023-10-09, 2023-10-10, 2023-10-11, 2023-10-12, 2023-10-16, 2023-10-17, 2023-10-18, 2023-10-19, 2023-10-20, 2023-10-24, 2023-10-25, 2023-10-26, 2023-10-27, 2023-10-30, 2023-10-31, 2023-11-01, 2023-11-02, 2023-11-03, 2023-11-06, 2023-11-07, 2023-11-08, 2023-11-09, 2023-11-10, 2023-11-13, 2023-11-14, 2023-11-15, 2023-11-16, 2023-11-17, 2023-11-20, 2023-11-21, 2023-11-22, 2023-11-23, 2023-11-24, 2023-11-27, 2023-11-28, 2023-11-29, 2023-11-30, 2023-12-01, 2023-12-04, 2023-12-06, 2023-12-07, 2023-12-08, 2023-12-12, 2023-12-13, 2023-12-14, 2023-12-15, 2023-12-18, 2023-12-19, 2023-12-20, 2023-12-21, 2023-12-22, 2023-12-25, 2023-12-26, 2023-12-27, 2023-12-28, 2024-01-03, 2024-01-04, 2024-01-05, 2024-01-08, 2024-01-09, 2024-01-10, 2024-01-11, 2024-01-12, 2024-01-15, 2024-01-16, 2024-01-17, 2024-01-18, 2024-01-19, 2024-01-22, 2024-01-23, 2024-01-24, 2024-01-25, 2024-01-26, 2024-01-29, 2024-01-30, 2024-01-31, 2024-02-01, 2024-02-02, 2024-02-05, 2024-02-06, 2024-02-07, 2024-02-08, 2024-02-09, 2024-02-12, 2024-02-13, 2024-02-14, 2024-02-15, 2024-02-16, 2024-02-19, 2024-02-20, 2024-02-21, 2024-02-22, 2024-02-23, 2024-02-27, 2024-02-28, 2024-02-29, 2024-03-01, 2024-03-04, 2024-03-05, 2024-03-06, 2024-03-07, 2024-03-08, 2024-03-11, 2024-03-12, 2024-03-13, 2024-03-14, 2024-03-15, 2024-03-18, 2024-03-19, 2024-03-20, 2024-03-21, 2024-03-22, 2024-03-25, 2024-03-26, 2024-03-27, 2024-03-28, 2024-03-29, 2024-04-01, 2024-04-02, 2024-04-03, 2024-04-04, 2024-04-05, 2024-04-09, 2024-04-10, 2024-04-11, 2024-04-17, 2024-04-18, 2024-04-19, 2024-04-22, 2024-04-23, 2024-04-24, 2024-04-25, 2024-04-26, 2024-04-29, 2024-04-30, 2024-05-02, 2024-05-03, 2024-05-07, 2024-05-08, 2024-05-09, 2024-05-10, 2024-05-13, 2024-05-14, 2024-05-15, 2024-05-16, 2024-05-17, 2024-05-20, 2024-05-21, 2024-05-23, 2024-05-24, 2024-05-27, 2024-05-28, 2024-05-29, 2024-05-30, 2024-05-31, 2024-06-04, 2024-06-05, 2024-06-06, 2024-06-07, 2024-06-10, 2024-06-11, 2024-06-12, 2024-06-13, 2024-06-14, 2024-06-17, 2024-06-18, 2024-06-19, 2024-06-20, 2024-06-21, 2024-06-24, 2024-06-25, 2024-06-26, 2024-06-27, 2024-06-28, 2024-07-01, 2024-07-02, 2024-07-03, 2024-07-04, 2024-07-05, 2024-07-08, 2024-07-09, 2024-07-10, 2024-07-11, 2024-07-12, 2024-07-15, 2024-07-16, 2024-07-17, 2024-07-18, 2024-07-19, 2024-07-23, 2024-07-24, 2024-07-25, 2024-07-26, 2024-07-30, 2024-07-31, 2024-08-01, 2024-08-02, 2024-08-05, 2024-08-06, 2024-08-07, 2024-08-08, 2024-08-09, 2024-08-13, 2024-08-14, 2024-08-15, 2024-08-16, 2024-08-19, 2024-08-20, 2024-08-21, 2024-08-22, 2024-08-23, 2024-08-26, 2024-08-27, 2024-08-28, 2024-08-29, 2024-08-30, 2024-09-02, 2024-09-03, 2024-09-04, 2024-09-05, 2024-09-06, 2024-09-09, 2024-09-10, 2024-09-11, 2024-09-12, 2024-09-13, 2024-09-16, 2024-09-17, 2024-09-18, 2024-09-19, 2024-09-20, 2024-09-23, 2024-09-24, 2024-09-25, 2024-09-26, 2024-09-27, 2024-09-30, 2024-10-01, 2024-10-02, 2024-10-03, 2024-10-04, 2024-10-07, 2024-10-08, 2024-10-09, 2024-10-10, 2024-10-11, 2024-10-15, 2024-10-16, 2024-10-17, 2024-10-18, 2024-10-21, 2024-10-22, 2024-10-24, 2024-10-25, 2024-10-28, 2024-10-29, 2024-10-30, 2024-10-31, 2024-11-01, 2024-11-04, 2024-11-05, 2024-11-06, 2024-11-07, 2024-11-08, 2024-11-11, 2024-11-12, 2024-11-13, 2024-11-14, 2024-11-15, 2024-11-18, 2024-11-19, 2024-11-20, 2024-11-21, 2024-11-22, 2024-11-25, 2024-11-26, 2024-11-27, 2024-11-28, 2024-11-29, 2024-12-02, 2024-12-03, 2024-12-04, 2024-12-06, 2024-12-09, 2024-12-11, 2024-12-12, 2024-12-13, 2024-12-16, 2024-12-17, 2024-12-18, 2024-12-19, 2024-12-20, 2024-12-23, 2024-12-24, 2024-12-25, 2024-12-26, 2024-12-27, 2024-12-30, 2025-01-02, 2025-01-03, 2025-01-06, 2025-01-07, 2025-01-08, 2025-01-09, 2025-01-10, 2025-01-13, 2025-01-14, 2025-01-15, 2025-01-16, 2025-01-17, 2025-01-20, 2025-01-21, 2025-01-22, 2025-01-23, 2025-01-24, 2025-01-27, 2025-01-28, 2025-01-29, 2025-01-30, 2025-01-31, 2025-02-03, 2025-02-04, 2025-02-05, 2025-02-06, 2025-02-07, 2025-02-10, 2025-02-11, 2025-02-13, 2025-02-14, 2025-02-17, 2025-02-18, 2025-02-19, 2025-02-20, 2025-02-21, 2025-02-24, 2025-02-25, 2025-02-26, 2025-02-27, 2025-02-28, 2025-03-03, 2025-03-04, 2025-03-05, 2025-03-06, 2025-03-07, 2025-03-10, 2025-03-11, 2025-03-12, 2025-03-13, 2025-03-14, 2025-03-17, 2025-03-18, 2025-03-19, 2025-03-20, 2025-03-21, 2025-03-24, 2025-03-25, 2025-03-26, 2025-03-27, 2025-03-28, 2025-03-31, 2025-04-01, 2025-04-02",2025-04-03 to 2026-09-04,INSUFFICIENT_HISTORICAL_COVERAGE;CORPORATE_ACTION_ISSUE,reports/market_data_acquisition.csv; reports/yahoo_ticker_audit.csv,APPROVED_WITH_KNOWN_GAP,Approved only for the observed post-merger GULF series; no pre-merger history is inferred.,2025-04-03,2026-09-04
HMPRO,HMPRO.BK,data\raw\market_data\HMPRO_BK.csv,SUCCESS,,2023-01-03 to 2026-09-04,NONE,reports/market_data_acquisition.csv; reports/yahoo_ticker_audit.csv,APPROVED,No acquisition validation findings were recorded.,2023-01-03,2026-09-04
ITC,ITC.BK,data\raw\market_data\ITC_BK.csv,PARTIAL,High below Open/Close by 0.30 (1.36%); Low above Open/Close by 0.10 (0.54%),2023-01-03 to 2026-09-04,OHLC_ANOMALY;YAHOO_VENDOR_DATA_ISSUE_SUSPECTED,reports/market_data_acquisition.csv; reports/yahoo_ticker_audit.csv; reports/ohlc_anomaly_adjudication.csv,NEEDS_REVIEW,"Raw OHLC relationship warning is visible; adjudication found no public authoritative daily comparison, so it cannot be accepted, repaired, or replaced.",,
IVL,IVL.BK,data\raw\market_data\IVL_BK.csv,SUCCESS,,2023-01-03 to 2026-09-04,NONE,reports/market_data_acquisition.csv; reports/yahoo_ticker_audit.csv,APPROVED,No acquisition validation findings were recorded.,2023-01-03,2026-09-04
JMART,JMART.BK,data\raw\market_data\JMART_BK.csv,PARTIAL,Low above Open/Close by 0.10 (0.52%),2023-01-03 to 2026-09-04,OHLC_ANOMALY;YAHOO_VENDOR_DATA_ISSUE_SUSPECTED,reports/market_data_acquisition.csv; reports/yahoo_ticker_audit.csv; reports/ohlc_anomaly_adjudication.csv,NEEDS_REVIEW,"Raw OHLC relationship warning is visible; adjudication found no public authoritative daily comparison, so it cannot be accepted, repaired, or replaced.",,
JMT,JMT.BK,data\raw\market_data\JMT_BK.csv,PARTIAL,Low above Open/Close by 0.25 (0.66%),2023-01-03 to 2026-09-04,OHLC_ANOMALY;YAHOO_VENDOR_DATA_ISSUE_SUSPECTED,reports/market_data_acquisition.csv; reports/yahoo_ticker_audit.csv; reports/ohlc_anomaly_adjudication.csv,NEEDS_REVIEW,"Raw OHLC relationship warning is visible; adjudication found no public authoritative daily comparison, so it cannot be accepted, repaired, or replaced.",,
KBANK,KBANK.BK,data\raw\market_data\KBANK_BK.csv,PARTIAL,High below Open/Close by 0.50 (0.39%); Low above Open/Close by 0.50 (0.39%),2023-01-03 to 2026-09-04,OHLC_ANOMALY;YAHOO_VENDOR_DATA_ISSUE_SUSPECTED,reports/market_data_acquisition.csv; reports/yahoo_ticker_audit.csv; reports/ohlc_anomaly_adjudication.csv,NEEDS_REVIEW,"Raw OHLC relationship warning is visible; adjudication found no public authoritative daily comparison, so it cannot be accepted, repaired, or replaced.",,
KCE,KCE.BK,data\raw\market_data\KCE_BK.csv,PARTIAL,High below Open/Close by 0.25 (0.54%); Low above Open/Close by 0.25 (0.60%),2023-01-03 to 2026-09-04,OHLC_ANOMALY;YAHOO_VENDOR_DATA_ISSUE_SUSPECTED,reports/market_data_acquisition.csv; reports/yahoo_ticker_audit.csv; reports/ohlc_anomaly_adjudication.csv,NEEDS_REVIEW,"Raw OHLC relationship warning is visible; adjudication found no public authoritative daily comparison, so it cannot be accepted, repaired, or replaced.",,
KKP,KKP.BK,data\raw\market_data\KKP_BK.csv,SUCCESS,,2023-01-03 to 2026-09-04,NONE,reports/market_data_acquisition.csv; reports/yahoo_ticker_audit.csv,APPROVED,No acquisition validation findings were recorded.,2023-01-03,2026-09-04
KTB,KTB.BK,data\raw\market_data\KTB_BK.csv,SUCCESS,,2023-01-03 to 2026-09-04,NONE,reports/market_data_acquisition.csv; reports/yahoo_ticker_audit.csv,APPROVED,No acquisition validation findings were recorded.,2023-01-03,2026-09-04
KTC,KTC.BK,data\raw\market_data\KTC_BK.csv,PARTIAL,Low above Open/Close by 0.75 (1.47%),2023-01-03 to 2026-09-04,OHLC_ANOMALY;YAHOO_VENDOR_DATA_ISSUE_SUSPECTED,reports/market_data_acquisition.csv; reports/yahoo_ticker_audit.csv; reports/ohlc_anomaly_adjudication.csv,NEEDS_REVIEW,"Raw OHLC relationship warning is visible; adjudication found no public authoritative daily comparison, so it cannot be accepted, repaired, or replaced.",,
LH,LH.BK,data\raw\market_data\LH_BK.csv,SUCCESS,,2023-01-03 to 2026-09-04,NONE,reports/market_data_acquisition.csv; reports/yahoo_ticker_audit.csv,APPROVED,No acquisition validation findings were recorded.,2023-01-03,2026-09-04
MINT,MINT.BK,data\raw\market_data\MINT_BK.csv,PARTIAL,High below Open/Close by 0.25 (0.72%),2023-01-03 to 2026-09-04,OHLC_ANOMALY;YAHOO_VENDOR_DATA_ISSUE_SUSPECTED,reports/market_data_acquisition.csv; reports/yahoo_ticker_audit.csv; reports/ohlc_anomaly_adjudication.csv,NEEDS_REVIEW,"Raw OHLC relationship warning is visible; adjudication found no public authoritative daily comparison, so it cannot be accepted, repaired, or replaced.",,
MRDIYT,MRDIYT.BK,data\raw\market_data\MRDIYT_BK.csv,SUCCESS,,2025-11-05 to 2026-09-04,NONE,reports/market_data_acquisition.csv; reports/yahoo_ticker_audit.csv,APPROVED,No acquisition validation findings were recorded.,2025-11-05,2026-09-04
MTC,MTC.BK,data\raw\market_data\MTC_BK.csv,SUCCESS,,2023-01-03 to 2026-09-04,NONE,reports/market_data_acquisition.csv; reports/yahoo_ticker_audit.csv,APPROVED,No acquisition validation findings were recorded.,2023-01-03,2026-09-04
OR,OR.BK,data\raw\market_data\OR_BK.csv,PARTIAL,High below Open/Close by 0.10 (0.44%); Low above Open/Close by 0.10 (0.45%),2023-01-03 to 2026-09-04,OHLC_ANOMALY;YAHOO_VENDOR_DATA_ISSUE_SUSPECTED,reports/market_data_acquisition.csv; reports/yahoo_ticker_audit.csv; reports/ohlc_anomaly_adjudication.csv,NEEDS_REVIEW,"Raw OHLC relationship warning is visible; adjudication found no public authoritative daily comparison, so it cannot be accepted, repaired, or replaced.",,
OSP,OSP.BK,data\raw\market_data\OSP_BK.csv,SUCCESS,,2023-01-03 to 2026-09-04,NONE,reports/market_data_acquisition.csv; reports/yahoo_ticker_audit.csv,APPROVED,No acquisition validation findings were recorded.,2023-01-03,2026-09-04
PTT,PTT.BK,data\raw\market_data\PTT_BK.csv,PARTIAL,High below Open/Close by 0.25 (0.79%); Low above Open/Close by 0.25 (0.79%),2023-01-03 to 2026-09-04,OHLC_ANOMALY;YAHOO_VENDOR_DATA_ISSUE_SUSPECTED,reports/market_data_acquisition.csv; reports/yahoo_ticker_audit.csv; reports/ohlc_anomaly_adjudication.csv,NEEDS_REVIEW,"Raw OHLC relationship warning is visible; adjudication found no public authoritative daily comparison, so it cannot be accepted, repaired, or replaced.",,
PTTEP,PTTEP.BK,data\raw\market_data\PTTEP_BK.csv,PARTIAL,Low above Open/Close by 0.50 (0.34%),2023-01-03 to 2026-09-04,OHLC_ANOMALY;YAHOO_VENDOR_DATA_ISSUE_SUSPECTED,reports/market_data_acquisition.csv; reports/yahoo_ticker_audit.csv; reports/ohlc_anomaly_adjudication.csv,NEEDS_REVIEW,"Raw OHLC relationship warning is visible; adjudication found no public authoritative daily comparison, so it cannot be accepted, repaired, or replaced.",,
PTTGC,PTTGC.BK,data\raw\market_data\PTTGC_BK.csv,SUCCESS,,2023-01-03 to 2026-09-04,NONE,reports/market_data_acquisition.csv; reports/yahoo_ticker_audit.csv,APPROVED,No acquisition validation findings were recorded.,2023-01-03,2026-09-04
RATCH,RATCH.BK,data\raw\market_data\RATCH_BK.csv,SUCCESS,,2023-01-03 to 2026-09-04,NONE,reports/market_data_acquisition.csv; reports/yahoo_ticker_audit.csv,APPROVED,No acquisition validation findings were recorded.,2023-01-03,2026-09-04
SAWAD,SAWAD.BK,data\raw\market_data\SAWAD_BK.csv,PARTIAL,High below Open/Close by 0.21 (0.43%); Low above Open/Close by 0.21 (0.55%),2023-01-03 to 2026-09-04,OHLC_ANOMALY;YAHOO_VENDOR_DATA_ISSUE_SUSPECTED,reports/market_data_acquisition.csv; reports/yahoo_ticker_audit.csv; reports/ohlc_anomaly_adjudication.csv,NEEDS_REVIEW,"Raw OHLC relationship warning is visible; adjudication found no public authoritative daily comparison, so it cannot be accepted, repaired, or replaced.",,
SCB,SCB.BK,data\raw\market_data\SCB_BK.csv,PARTIAL,Low above Open/Close by 0.50 (0.50%),2023-01-03 to 2026-09-04,OHLC_ANOMALY;YAHOO_VENDOR_DATA_ISSUE_SUSPECTED,reports/market_data_acquisition.csv; reports/yahoo_ticker_audit.csv; reports/ohlc_anomaly_adjudication.csv,NEEDS_REVIEW,"Raw OHLC relationship warning is visible; adjudication found no public authoritative daily comparison, so it cannot be accepted, repaired, or replaced.",,
SCC,SCC.BK,data\raw\market_data\SCC_BK.csv,PARTIAL,High below Open/Close by 2.00 (0.59%); Low above Open/Close by 1.00 (0.31%),2023-01-03 to 2026-09-04,OHLC_ANOMALY;YAHOO_VENDOR_DATA_ISSUE_SUSPECTED,reports/market_data_acquisition.csv; reports/yahoo_ticker_audit.csv; reports/ohlc_anomaly_adjudication.csv,NEEDS_REVIEW,"Raw OHLC relationship warning is visible; adjudication found no public authoritative daily comparison, so it cannot be accepted, repaired, or replaced.",,
SCGP,SCGP.BK,data\raw\market_data\SCGP_BK.csv,SUCCESS,,2023-01-03 to 2026-09-04,NONE,reports/market_data_acquisition.csv; reports/yahoo_ticker_audit.csv,APPROVED,No acquisition validation findings were recorded.,2023-01-03,2026-09-04
TCAP,TCAP.BK,data\raw\market_data\TCAP_BK.csv,PARTIAL,High below Open/Close by 0.50 (1.00%),2023-01-03 to 2026-09-04,OHLC_ANOMALY;YAHOO_VENDOR_DATA_ISSUE_SUSPECTED,reports/market_data_acquisition.csv; reports/yahoo_ticker_audit.csv; reports/ohlc_anomaly_adjudication.csv,NEEDS_REVIEW,"Raw OHLC relationship warning is visible; adjudication found no public authoritative daily comparison, so it cannot be accepted, repaired, or replaced.",,
TFG,TFG.BK,data\raw\market_data\TFG_BK.csv,PARTIAL,High below Open/Close by 0.02 (0.50%); Low above Open/Close by 0.06 (1.57%),2023-01-03 to 2026-09-04,OHLC_ANOMALY;YAHOO_VENDOR_DATA_ISSUE_SUSPECTED,reports/market_data_acquisition.csv; reports/yahoo_ticker_audit.csv; reports/ohlc_anomaly_adjudication.csv,NEEDS_REVIEW,"Raw OHLC relationship warning is visible; adjudication found no public authoritative daily comparison, so it cannot be accepted, repaired, or replaced.",,
THAI,THAI.BK,data\raw\market_data\THAI_BK.csv,SUCCESS,,2023-01-03 to 2026-09-04,NONE,reports/market_data_acquisition.csv; reports/yahoo_ticker_audit.csv,APPROVED,No acquisition validation findings were recorded.,2023-01-03,2026-09-04
TIDLOR,TIDLOR.BK,data\raw\market_data\TIDLOR_BK.csv,PARTIAL_KNOWN_GAP,"missing reference trading dates: 575 (2023-01-03 to 2025-05-15): 2023-01-03, 2023-01-04, 2023-01-05, 2023-01-06, 2023-01-09, 2023-01-10, 2023-01-11, 2023-01-12, 2023-01-13, 2023-01-16, 2023-01-17, 2023-01-18, 2023-01-19, 2023-01-20, 2023-01-23, 2023-01-24, 2023-01-25, 2023-01-26, 2023-01-27, 2023-01-30, 2023-01-31, 2023-02-01, 2023-02-02, 2023-02-03, 2023-02-06, 2023-02-07, 2023-02-08, 2023-02-09, 2023-02-10, 2023-02-13, 2023-02-14, 2023-02-15, 2023-02-16, 2023-02-17, 2023-02-20, 2023-02-21, 2023-02-22, 2023-02-23, 2023-02-24, 2023-02-27, 2023-02-28, 2023-03-01, 2023-03-02, 2023-03-03, 2023-03-07, 2023-03-08, 2023-03-09, 2023-03-10, 2023-03-13, 2023-03-14, 2023-03-15, 2023-03-16, 2023-03-17, 2023-03-20, 2023-03-21, 2023-03-22, 2023-03-23, 2023-03-24, 2023-03-27, 2023-03-28, 2023-03-29, 2023-03-30, 2023-03-31, 2023-04-03, 2023-04-04, 2023-04-05, 2023-04-07, 2023-04-10, 2023-04-11, 2023-04-12, 2023-04-17, 2023-04-18, 2023-04-19, 2023-04-20, 2023-04-21, 2023-04-24, 2023-04-25, 2023-04-26, 2023-04-27, 2023-04-28, 2023-05-02, 2023-05-03, 2023-05-08, 2023-05-09, 2023-05-10, 2023-05-11, 2023-05-12, 2023-05-15, 2023-05-16, 2023-05-17, 2023-05-18, 2023-05-19, 2023-05-22, 2023-05-23, 2023-05-24, 2023-05-25, 2023-05-26, 2023-05-29, 2023-05-30, 2023-05-31, 2023-06-01, 2023-06-02, 2023-06-06, 2023-06-07, 2023-06-08, 2023-06-09, 2023-06-12, 2023-06-13, 2023-06-14, 2023-06-15, 2023-06-16, 2023-06-19, 2023-06-20, 2023-06-21, 2023-06-22, 2023-06-23, 2023-06-26, 2023-06-27, 2023-06-28, 2023-06-29, 2023-06-30, 2023-07-03, 2023-07-04, 2023-07-05, 2023-07-06, 2023-07-07, 2023-07-10, 2023-07-11, 2023-07-12, 2023-07-13, 2023-07-14, 2023-07-17, 2023-07-18, 2023-07-19, 2023-07-20, 2023-07-21, 2023-07-24, 2023-07-25, 2023-07-26, 2023-07-27, 2023-07-31, 2023-08-02, 2023-08-03, 2023-08-04, 2023-08-07, 2023-08-08, 2023-08-09, 2023-08-10, 2023-08-11, 2023-08-15, 2023-08-16, 2023-08-17, 2023-08-18, 2023-08-21, 2023-08-22, 2023-08-23, 2023-08-24, 2023-08-25, 2023-08-28, 2023-08-29, 2023-08-30, 2023-08-31, 2023-09-01, 2023-09-04, 2023-09-05, 2023-09-06, 2023-09-07, 2023-09-08, 2023-09-11, 2023-09-12, 2023-09-13, 2023-09-14, 2023-09-15, 2023-09-18, 2023-09-19, 2023-09-20, 2023-09-21, 2023-09-22, 2023-09-25, 2023-09-26, 2023-09-27, 2023-09-28, 2023-09-29, 2023-10-02, 2023-10-03, 2023-10-04, 2023-10-05, 2023-10-06, 2023-10-09, 2023-10-10, 2023-10-11, 2023-10-12, 2023-10-16, 2023-10-17, 2023-10-18, 2023-10-19, 2023-10-20, 2023-10-24, 2023-10-25, 2023-10-26, 2023-10-27, 2023-10-30, 2023-10-31, 2023-11-01, 2023-11-02, 2023-11-03, 2023-11-06, 2023-11-07, 2023-11-08, 2023-11-09, 2023-11-10, 2023-11-13, 2023-11-14, 2023-11-15, 2023-11-16, 2023-11-17, 2023-11-20, 2023-11-21, 2023-11-22, 2023-11-23, 2023-11-24, 2023-11-27, 2023-11-28, 2023-11-29, 2023-11-30, 2023-12-01, 2023-12-04, 2023-12-06, 2023-12-07, 2023-12-08, 2023-12-12, 2023-12-13, 2023-12-14, 2023-12-15, 2023-12-18, 2023-12-19, 2023-12-20, 2023-12-21, 2023-12-22, 2023-12-25, 2023-12-26, 2023-12-27, 2023-12-28, 2024-01-03, 2024-01-04, 2024-01-05, 2024-01-08, 2024-01-09, 2024-01-10, 2024-01-11, 2024-01-12, 2024-01-15, 2024-01-16, 2024-01-17, 2024-01-18, 2024-01-19, 2024-01-22, 2024-01-23, 2024-01-24, 2024-01-25, 2024-01-26, 2024-01-29, 2024-01-30, 2024-01-31, 2024-02-01, 2024-02-02, 2024-02-05, 2024-02-06, 2024-02-07, 2024-02-08, 2024-02-09, 2024-02-12, 2024-02-13, 2024-02-14, 2024-02-15, 2024-02-16, 2024-02-19, 2024-02-20, 2024-02-21, 2024-02-22, 2024-02-23, 2024-02-27, 2024-02-28, 2024-02-29, 2024-03-01, 2024-03-04, 2024-03-05, 2024-03-06, 2024-03-07, 2024-03-08, 2024-03-11, 2024-03-12, 2024-03-13, 2024-03-14, 2024-03-15, 2024-03-18, 2024-03-19, 2024-03-20, 2024-03-21, 2024-03-22, 2024-03-25, 2024-03-26, 2024-03-27, 2024-03-28, 2024-03-29, 2024-04-01, 2024-04-02, 2024-04-03, 2024-04-04, 2024-04-05, 2024-04-09, 2024-04-10, 2024-04-11, 2024-04-17, 2024-04-18, 2024-04-19, 2024-04-22, 2024-04-23, 2024-04-24, 2024-04-25, 2024-04-26, 2024-04-29, 2024-04-30, 2024-05-02, 2024-05-03, 2024-05-07, 2024-05-08, 2024-05-09, 2024-05-10, 2024-05-13, 2024-05-14, 2024-05-15, 2024-05-16, 2024-05-17, 2024-05-20, 2024-05-21, 2024-05-23, 2024-05-24, 2024-05-27, 2024-05-28, 2024-05-29, 2024-05-30, 2024-05-31, 2024-06-04, 2024-06-05, 2024-06-06, 2024-06-07, 2024-06-10, 2024-06-11, 2024-06-12, 2024-06-13, 2024-06-14, 2024-06-17, 2024-06-18, 2024-06-19, 2024-06-20, 2024-06-21, 2024-06-24, 2024-06-25, 2024-06-26, 2024-06-27, 2024-06-28, 2024-07-01, 2024-07-02, 2024-07-03, 2024-07-04, 2024-07-05, 2024-07-08, 2024-07-09, 2024-07-10, 2024-07-11, 2024-07-12, 2024-07-15, 2024-07-16, 2024-07-17, 2024-07-18, 2024-07-19, 2024-07-23, 2024-07-24, 2024-07-25, 2024-07-26, 2024-07-30, 2024-07-31, 2024-08-01, 2024-08-02, 2024-08-05, 2024-08-06, 2024-08-07, 2024-08-08, 2024-08-09, 2024-08-13, 2024-08-14, 2024-08-15, 2024-08-16, 2024-08-19, 2024-08-20, 2024-08-21, 2024-08-22, 2024-08-23, 2024-08-26, 2024-08-27, 2024-08-28, 2024-08-29, 2024-08-30, 2024-09-02, 2024-09-03, 2024-09-04, 2024-09-05, 2024-09-06, 2024-09-09, 2024-09-10, 2024-09-11, 2024-09-12, 2024-09-13, 2024-09-16, 2024-09-17, 2024-09-18, 2024-09-19, 2024-09-20, 2024-09-23, 2024-09-24, 2024-09-25, 2024-09-26, 2024-09-27, 2024-09-30, 2024-10-01, 2024-10-02, 2024-10-03, 2024-10-04, 2024-10-07, 2024-10-08, 2024-10-09, 2024-10-10, 2024-10-11, 2024-10-15, 2024-10-16, 2024-10-17, 2024-10-18, 2024-10-21, 2024-10-22, 2024-10-24, 2024-10-25, 2024-10-28, 2024-10-29, 2024-10-30, 2024-10-31, 2024-11-01, 2024-11-04, 2024-11-05, 2024-11-06, 2024-11-07, 2024-11-08, 2024-11-11, 2024-11-12, 2024-11-13, 2024-11-14, 2024-11-15, 2024-11-18, 2024-11-19, 2024-11-20, 2024-11-21, 2024-11-22, 2024-11-25, 2024-11-26, 2024-11-27, 2024-11-28, 2024-11-29, 2024-12-02, 2024-12-03, 2024-12-04, 2024-12-06, 2024-12-09, 2024-12-11, 2024-12-12, 2024-12-13, 2024-12-16, 2024-12-17, 2024-12-18, 2024-12-19, 2024-12-20, 2024-12-23, 2024-12-24, 2024-12-25, 2024-12-26, 2024-12-27, 2024-12-30, 2025-01-02, 2025-01-03, 2025-01-06, 2025-01-07, 2025-01-08, 2025-01-09, 2025-01-10, 2025-01-13, 2025-01-14, 2025-01-15, 2025-01-16, 2025-01-17, 2025-01-20, 2025-01-21, 2025-01-22, 2025-01-23, 2025-01-24, 2025-01-27, 2025-01-28, 2025-01-29, 2025-01-30, 2025-01-31, 2025-02-03, 2025-02-04, 2025-02-05, 2025-02-06, 2025-02-07, 2025-02-10, 2025-02-11, 2025-02-13, 2025-02-14, 2025-02-17, 2025-02-18, 2025-02-19, 2025-02-20, 2025-02-21, 2025-02-24, 2025-02-25, 2025-02-26, 2025-02-27, 2025-02-28, 2025-03-03, 2025-03-04, 2025-03-05, 2025-03-06, 2025-03-07, 2025-03-10, 2025-03-11, 2025-03-12, 2025-03-13, 2025-03-14, 2025-03-17, 2025-03-18, 2025-03-19, 2025-03-20, 2025-03-21, 2025-03-24, 2025-03-25, 2025-03-26, 2025-03-27, 2025-03-28, 2025-03-31, 2025-04-01, 2025-04-02, 2025-04-03, 2025-04-04, 2025-04-08, 2025-04-09, 2025-04-10, 2025-04-11, 2025-04-16, 2025-04-17, 2025-04-18, 2025-04-21, 2025-04-22, 2025-04-23, 2025-04-24, 2025-04-25, 2025-04-28, 2025-04-29, 2025-04-30, 2025-05-02, 2025-05-06, 2025-05-07, 2025-05-08, 2025-05-09, 2025-05-13, 2025-05-14, 2025-05-15",2025-05-16 to 2026-09-04,INSUFFICIENT_HISTORICAL_COVERAGE;CORPORATE_ACTION_ISSUE,reports/market_data_acquisition.csv; reports/yahoo_ticker_audit.csv,APPROVED_WITH_KNOWN_GAP,Approved only from the observed Tidlor Holdings series start; the pre-2025-05-16 entity gap remains excluded.,2025-05-16,2026-09-04
TISCO,TISCO.BK,data\raw\market_data\TISCO_BK.csv,PARTIAL,High below Open/Close by 0.25 (0.26%),2023-01-03 to 2026-09-04,OHLC_ANOMALY;YAHOO_VENDOR_DATA_ISSUE_SUSPECTED,reports/market_data_acquisition.csv; reports/yahoo_ticker_audit.csv; reports/ohlc_anomaly_adjudication.csv,NEEDS_REVIEW,"Raw OHLC relationship warning is visible; adjudication found no public authoritative daily comparison, so it cannot be accepted, repaired, or replaced.",,
TLI,TLI.BK,data\raw\market_data\TLI_BK.csv,PARTIAL,High below Open/Close by 0.10 (0.77%),2023-01-03 to 2026-09-04,OHLC_ANOMALY;YAHOO_VENDOR_DATA_ISSUE_SUSPECTED,reports/market_data_acquisition.csv; reports/yahoo_ticker_audit.csv; reports/ohlc_anomaly_adjudication.csv,NEEDS_REVIEW,"Raw OHLC relationship warning is visible; adjudication found no public authoritative daily comparison, so it cannot be accepted, repaired, or replaced.",,
TOP,TOP.BK,data\raw\market_data\TOP_BK.csv,SUCCESS,,2023-01-03 to 2026-09-04,NONE,reports/market_data_acquisition.csv; reports/yahoo_ticker_audit.csv,APPROVED,No acquisition validation findings were recorded.,2023-01-03,2026-09-04
TRUE,TRUE.BK,data\raw\market_data\TRUE_BK.csv,PARTIAL,High below Open/Close by 0.05 (0.70%); Low above Open/Close by 0.05 (0.76%),2023-01-03 to 2026-09-04,OHLC_ANOMALY;YAHOO_VENDOR_DATA_ISSUE_SUSPECTED,reports/market_data_acquisition.csv; reports/yahoo_ticker_audit.csv; reports/ohlc_anomaly_adjudication.csv,NEEDS_REVIEW,"Raw OHLC relationship warning is visible; adjudication found no public authoritative daily comparison, so it cannot be accepted, repaired, or replaced.",,
TTB,TTB.BK,data\raw\market_data\TTB_BK.csv,PARTIAL,High below Open/Close by 0.01 (0.58%); Low above Open/Close by 0.01 (0.58%),2023-01-03 to 2026-09-04,OHLC_ANOMALY;YAHOO_VENDOR_DATA_ISSUE_SUSPECTED,reports/market_data_acquisition.csv; reports/yahoo_ticker_audit.csv; reports/ohlc_anomaly_adjudication.csv,NEEDS_REVIEW,"Raw OHLC relationship warning is visible; adjudication found no public authoritative daily comparison, so it cannot be accepted, repaired, or replaced.",,
TU,TU.BK,data\raw\market_data\TU_BK.csv,PARTIAL,Low above Open/Close by 0.10 (0.68%),2023-01-03 to 2026-09-04,OHLC_ANOMALY;YAHOO_VENDOR_DATA_ISSUE_SUSPECTED,reports/market_data_acquisition.csv; reports/yahoo_ticker_audit.csv; reports/ohlc_anomaly_adjudication.csv,NEEDS_REVIEW,"Raw OHLC relationship warning is visible; adjudication found no public authoritative daily comparison, so it cannot be accepted, repaired, or replaced.",,
VGI,VGI.BK,data\raw\market_data\VGI_BK.csv,PARTIAL,Low above Open/Close by 0.02 (0.74%),2023-01-03 to 2026-09-04,OHLC_ANOMALY;YAHOO_VENDOR_DATA_ISSUE_SUSPECTED,reports/market_data_acquisition.csv; reports/yahoo_ticker_audit.csv; reports/ohlc_anomaly_adjudication.csv,NEEDS_REVIEW,"Raw OHLC relationship warning is visible; adjudication found no public authoritative daily comparison, so it cannot be accepted, repaired, or replaced.",,
WHA,WHA.BK,data\raw\market_data\WHA_BK.csv,PARTIAL,High below Open/Close by 0.05 (0.98%),2023-01-03 to 2026-09-04,OHLC_ANOMALY;YAHOO_VENDOR_DATA_ISSUE_SUSPECTED,reports/market_data_acquisition.csv; reports/yahoo_ticker_audit.csv; reports/ohlc_anomaly_adjudication.csv,NEEDS_REVIEW,"Raw OHLC relationship warning is visible; adjudication found no public authoritative daily comparison, so it cannot be accepted, repaired, or replaced.",,
