symbol,daily_latest_observed,daily_probe_status,historical_boundary,intraday_status
ADVANC,1789491600,OBSERVED,NOT_PROBED_PER_SYMBOL; PTT_BOUNDARY_OBSERVED_2023_12_01,RECENT_WINDOW_ONLY
AOT,1789491600,OBSERVED,NOT_PROBED_PER_SYMBOL; PTT_BOUNDARY_OBSERVED_2023_12_01,RECENT_WINDOW_ONLY
AWC,1789491600,OBSERVED,NOT_PROBED_PER_SYMBOL; PTT_BOUNDARY_OBSERVED_2023_12_01,RECENT_WINDOW_ONLY
BANPU,1789491600,OBSERVED,NOT_PROBED_PER_SYMBOL; PTT_BOUNDARY_OBSERVED_2023_12_01,RECENT_WINDOW_ONLY
BBL,1789491600,OBSERVED,NOT_PROBED_PER_SYMBOL; PTT_BOUNDARY_OBSERVED_2023_12_01,RECENT_WINDOW_ONLY
BCP,1789491600,OBSERVED,NOT_PROBED_PER_SYMBOL; PTT_BOUNDARY_OBSERVED_2023_12_01,RECENT_WINDOW_ONLY
BDMS,1789491600,OBSERVED,NOT_PROBED_PER_SYMBOL; PTT_BOUNDARY_OBSERVED_2023_12_01,RECENT_WINDOW_ONLY
BEM,1789491600,OBSERVED,NOT_PROBED_PER_SYMBOL; PTT_BOUNDARY_OBSERVED_2023_12_01,RECENT_WINDOW_ONLY
BH,1789491600,OBSERVED,NOT_PROBED_PER_SYMBOL; PTT_BOUNDARY_OBSERVED_2023_12_01,RECENT_WINDOW_ONLY
BJC,1789491600,OBSERVED,NOT_PROBED_PER_SYMBOL; PTT_BOUNDARY_OBSERVED_2023_12_01,RECENT_WINDOW_ONLY
CCET,1787245200,OBSERVED,NOT_PROBED_PER_SYMBOL; PTT_BOUNDARY_OBSERVED_2023_12_01,RECENT_WINDOW_ONLY
COM7,1787245200,OBSERVED,NOT_PROBED_PER_SYMBOL; PTT_BOUNDARY_OBSERVED_2023_12_01,RECENT_WINDOW_ONLY
CPALL,1789491600,OBSERVED,NOT_PROBED_PER_SYMBOL; PTT_BOUNDARY_OBSERVED_2023_12_01,RECENT_WINDOW_ONLY
CPF,1789491600,OBSERVED,NOT_PROBED_PER_SYMBOL; PTT_BOUNDARY_OBSERVED_2023_12_01,RECENT_WINDOW_ONLY
CPN,1789491600,OBSERVED,NOT_PROBED_PER_SYMBOL; PTT_BOUNDARY_OBSERVED_2023_12_01,RECENT_WINDOW_ONLY
CRC,1789491600,OBSERVED,NOT_PROBED_PER_SYMBOL; PTT_BOUNDARY_OBSERVED_2023_12_01,RECENT_WINDOW_ONLY
DELTA,1789491600,OBSERVED,NOT_PROBED_PER_SYMBOL; PTT_BOUNDARY_OBSERVED_2023_12_01,RECENT_WINDOW_ONLY
EGCO,1789491600,OBSERVED,NOT_PROBED_PER_SYMBOL; PTT_BOUNDARY_OBSERVED_2023_12_01,RECENT_WINDOW_ONLY
GPSC,1789491600,OBSERVED,NOT_PROBED_PER_SYMBOL; PTT_BOUNDARY_OBSERVED_2023_12_01,RECENT_WINDOW_ONLY
GULF,1789491600,OBSERVED,NOT_PROBED_PER_SYMBOL; PTT_BOUNDARY_OBSERVED_2023_12_01,RECENT_WINDOW_ONLY
HMPRO,1789405200,OBSERVED,NOT_PROBED_PER_SYMBOL; PTT_BOUNDARY_OBSERVED_2023_12_01,RECENT_WINDOW_ONLY
IVL,1789491600,OBSERVED,NOT_PROBED_PER_SYMBOL; PTT_BOUNDARY_OBSERVED_2023_12_01,RECENT_WINDOW_ONLY
KBANK,1789491600,OBSERVED,NOT_PROBED_PER_SYMBOL; PTT_BOUNDARY_OBSERVED_2023_12_01,RECENT_WINDOW_ONLY
KKP,1789491600,OBSERVED,NOT_PROBED_PER_SYMBOL; PTT_BOUNDARY_OBSERVED_2023_12_01,RECENT_WINDOW_ONLY
KTB,1789491600,OBSERVED,NOT_PROBED_PER_SYMBOL; PTT_BOUNDARY_OBSERVED_2023_12_01,RECENT_WINDOW_ONLY
KTC,1789491600,OBSERVED,NOT_PROBED_PER_SYMBOL; PTT_BOUNDARY_OBSERVED_2023_12_01,RECENT_WINDOW_ONLY
LH,1789491600,OBSERVED,NOT_PROBED_PER_SYMBOL; PTT_BOUNDARY_OBSERVED_2023_12_01,RECENT_WINDOW_ONLY
MINT,1789491600,OBSERVED,NOT_PROBED_PER_SYMBOL; PTT_BOUNDARY_OBSERVED_2023_12_01,RECENT_WINDOW_ONLY
MRDIYT,1789491600,OBSERVED,NOT_PROBED_PER_SYMBOL; PTT_BOUNDARY_OBSERVED_2023_12_01,RECENT_WINDOW_ONLY
MTC,1789405200,OBSERVED,NOT_PROBED_PER_SYMBOL; PTT_BOUNDARY_OBSERVED_2023_12_01,RECENT_WINDOW_ONLY
OR,1789491600,OBSERVED,NOT_PROBED_PER_SYMBOL; PTT_BOUNDARY_OBSERVED_2023_12_01,RECENT_WINDOW_ONLY
OSP,1789491600,OBSERVED,NOT_PROBED_PER_SYMBOL; PTT_BOUNDARY_OBSERVED_2023_12_01,RECENT_WINDOW_ONLY
PTT,1789491600,OBSERVED,NOT_PROBED_PER_SYMBOL; PTT_BOUNDARY_OBSERVED_2023_12_01,RECENT_WINDOW_ONLY
PTTEP,1789491600,OBSERVED,NOT_PROBED_PER_SYMBOL; PTT_BOUNDARY_OBSERVED_2023_12_01,RECENT_WINDOW_ONLY
PTTGC,1787245200,OBSERVED,NOT_PROBED_PER_SYMBOL; PTT_BOUNDARY_OBSERVED_2023_12_01,RECENT_WINDOW_ONLY
RATCH,1787245200,OBSERVED,NOT_PROBED_PER_SYMBOL; PTT_BOUNDARY_OBSERVED_2023_12_01,RECENT_WINDOW_ONLY
SCB,1789491600,OBSERVED,NOT_PROBED_PER_SYMBOL; PTT_BOUNDARY_OBSERVED_2023_12_01,RECENT_WINDOW_ONLY
SCC,1789491600,OBSERVED,NOT_PROBED_PER_SYMBOL; PTT_BOUNDARY_OBSERVED_2023_12_01,RECENT_WINDOW_ONLY
SCGP,1789405200,OBSERVED,NOT_PROBED_PER_SYMBOL; PTT_BOUNDARY_OBSERVED_2023_12_01,RECENT_WINDOW_ONLY
TCAP,1789491600,OBSERVED,NOT_PROBED_PER_SYMBOL; PTT_BOUNDARY_OBSERVED_2023_12_01,RECENT_WINDOW_ONLY
TFG,1789491600,OBSERVED,NOT_PROBED_PER_SYMBOL; PTT_BOUNDARY_OBSERVED_2023_12_01,RECENT_WINDOW_ONLY
THAI,1787245200,OBSERVED,NOT_PROBED_PER_SYMBOL; PTT_BOUNDARY_OBSERVED_2023_12_01,RECENT_WINDOW_ONLY
TIDLOR,1789491600,OBSERVED,NOT_PROBED_PER_SYMBOL; PTT_BOUNDARY_OBSERVED_2023_12_01,RECENT_WINDOW_ONLY
TISCO,1789491600,OBSERVED,NOT_PROBED_PER_SYMBOL; PTT_BOUNDARY_OBSERVED_2023_12_01,RECENT_WINDOW_ONLY
TLI,1789491600,OBSERVED,NOT_PROBED_PER_SYMBOL; PTT_BOUNDARY_OBSERVED_2023_12_01,RECENT_WINDOW_ONLY
TOP,1789491600,OBSERVED,NOT_PROBED_PER_SYMBOL; PTT_BOUNDARY_OBSERVED_2023_12_01,RECENT_WINDOW_ONLY
TRUE,1789491600,OBSERVED,NOT_PROBED_PER_SYMBOL; PTT_BOUNDARY_OBSERVED_2023_12_01,RECENT_WINDOW_ONLY
TTB,1789491600,OBSERVED,NOT_PROBED_PER_SYMBOL; PTT_BOUNDARY_OBSERVED_2023_12_01,RECENT_WINDOW_ONLY
TU,1789491600,OBSERVED,NOT_PROBED_PER_SYMBOL; PTT_BOUNDARY_OBSERVED_2023_12_01,RECENT_WINDOW_ONLY
WHA,1789491600,OBSERVED,NOT_PROBED_PER_SYMBOL; PTT_BOUNDARY_OBSERVED_2023_12_01,RECENT_WINDOW_ONLY
