symbol,date,settrade_volume,settrade_value,local_status,local_volume,ratio_settrade_local,classification
ADVANC,2026-01-05,8242575,0,PRESENT,8238300.0,1.0005189177378828,RATIO_OBSERVED
ADVANC,2026-01-06,6545369,0,PRESENT,6542500.0,1.0004385173863202,RATIO_OBSERVED
ADVANC,2026-01-07,4614655,0,PRESENT,4612300.0,1.0005105912451489,RATIO_OBSERVED
ADVANC,2026-01-08,3193738,0,PRESENT,3192700.0,1.000325116672409,RATIO_OBSERVED
ADVANC,2026-01-09,2677592,0,PRESENT,2676400.0,1.0004453743835002,RATIO_OBSERVED
AOT,2026-01-05,32176588,0,PRESENT,32172700.0,1.0001208477995318,RATIO_OBSERVED
AOT,2026-01-06,60663541,0,PRESENT,60655100.0,1.000139163895534,RATIO_OBSERVED
AOT,2026-01-07,27781801,0,PRESENT,27778000.0,1.0001368349053208,RATIO_OBSERVED
AOT,2026-01-08,24967448,0,PRESENT,24964900.0,1.000102063296869,RATIO_OBSERVED
AOT,2026-01-09,19177371,0,PRESENT,19175000.0,1.0001236505867015,RATIO_OBSERVED
AWC,2026-01-05,56301554,0,PRESENT,56300300.0,1.0000222734159498,RATIO_OBSERVED
AWC,2026-01-06,22941567,0,PRESENT,22940800.0,1.0000334338819918,RATIO_OBSERVED
AWC,2026-01-07,27982511,0,PRESENT,27982000.0,1.0000182617396898,RATIO_OBSERVED
AWC,2026-01-08,39783136,0,PRESENT,39782600.0,1.0000134732269887,RATIO_OBSERVED
AWC,2026-01-09,26480378,0,PRESENT,26479800.0,1.0000218279594257,RATIO_OBSERVED
BBL,2026-01-05,9715377,0,PRESENT,9713000.0,1.0002447235663543,RATIO_OBSERVED
BBL,2026-01-06,5127551,0,PRESENT,5125800.0,1.0003416052128449,RATIO_OBSERVED
BBL,2026-01-07,6801815,0,PRESENT,6797400.0,1.000649513049107,RATIO_OBSERVED
BBL,2026-01-08,6950339,0,PRESENT,6948600.0,1.0002502662406816,RATIO_OBSERVED
BBL,2026-01-09,6351758,0,PRESENT,6350100.0,1.0002610982504212,RATIO_OBSERVED
BCP,2026-01-05,6384195,0,PRESENT,6382200.0,1.0003125881357526,RATIO_OBSERVED
BCP,2026-01-06,19397976,0,PRESENT,19395400.0,1.0001328149973705,RATIO_OBSERVED
BCP,2026-01-07,4578017,0,PRESENT,4577400.0,1.0001347926770656,RATIO_OBSERVED
BCP,2026-01-08,9237692,0,PRESENT,9236200.0,1.0001615382949698,RATIO_OBSERVED
BCP,2026-01-09,6040495,0,PRESENT,6039400.0,1.000181309401596,RATIO_OBSERVED
BDMS,2026-01-05,37954215,0,PRESENT,37946300.0,1.0002085842361443,RATIO_OBSERVED
BDMS,2026-01-06,43797708,0,PRESENT,43789200.0,1.0001942944835713,RATIO_OBSERVED
BDMS,2026-01-07,58315145,0,PRESENT,58310500.0,1.0000796597525317,RATIO_OBSERVED
BDMS,2026-01-08,42084155,0,PRESENT,42078900.0,1.000124884443272,RATIO_OBSERVED
BDMS,2026-01-09,60253204,0,PRESENT,60233600.0,1.0003254661849865,RATIO_OBSERVED
BEM,2026-01-05,15215689,0,PRESENT,15214900.0,1.0000518570611703,RATIO_OBSERVED
BEM,2026-01-06,6021560,0,PRESENT,6020800.0,1.0001262290725486,RATIO_OBSERVED
BEM,2026-01-07,4554860,0,PRESENT,4554500.0,1.000079042705017,RATIO_OBSERVED
BEM,2026-01-08,9439345,0,PRESENT,9438800.0,1.0000577403907276,RATIO_OBSERVED
BEM,2026-01-09,8367539,0,PRESENT,8367200.0,1.0000405153456353,RATIO_OBSERVED
BH,2026-01-05,2715625,0,PRESENT,2713800.0,1.0006724887611467,RATIO_OBSERVED
BH,2026-01-06,7408893,0,PRESENT,7402400.0,1.0008771479520155,RATIO_OBSERVED
BH,2026-01-07,7255977,0,PRESENT,7254100.0,1.0002587502240112,RATIO_OBSERVED
BH,2026-01-08,5521661,0,PRESENT,5518200.0,1.0006271972744736,RATIO_OBSERVED
BH,2026-01-09,11825551,0,PRESENT,11815900.0,1.0008167807784427,RATIO_OBSERVED
BJC,2026-01-05,8939733,0,PRESENT,8937400.0,1.0002610378857386,RATIO_OBSERVED
BJC,2026-01-06,4292925,0,PRESENT,4292600.0,1.0000757116898848,RATIO_OBSERVED
BJC,2026-01-07,6824181,0,PRESENT,6823600.0,1.0000851456709068,RATIO_OBSERVED
BJC,2026-01-08,6348625,0,PRESENT,6348000.0,1.0000984562066793,RATIO_OBSERVED
BJC,2026-01-09,1823106,0,PRESENT,1822600.0,1.00027762537035,RATIO_OBSERVED
CCET,2026-01-05,24462954,0,PRESENT,24462200.0,1.0000308230657913,RATIO_OBSERVED
CCET,2026-01-06,15936094,0,PRESENT,15935600.0,1.0000309997740908,RATIO_OBSERVED
CCET,2026-01-07,14174799,0,PRESENT,14174600.0,1.0000140391968733,RATIO_OBSERVED
CCET,2026-01-08,14425568,0,PRESENT,14425200.0,1.0000255109114604,RATIO_OBSERVED
CCET,2026-01-09,7843536,0,PRESENT,7843300.0,1.0000300893756455,RATIO_OBSERVED
COM7,2026-01-05,18916187,0,PRESENT,18913400.0,1.0001473558429472,RATIO_OBSERVED
COM7,2026-01-06,13522440,0,PRESENT,13521700.0,1.0000547268464763,RATIO_OBSERVED
COM7,2026-01-07,10669916,0,PRESENT,10669500.0,1.000038989643376,RATIO_OBSERVED
COM7,2026-01-08,10039354,0,PRESENT,10038500.0,1.0000850724709867,RATIO_OBSERVED
COM7,2026-01-09,10426602,0,PRESENT,10424600.0,1.000192045737966,RATIO_OBSERVED
CPALL,2026-01-05,27343815,0,PRESENT,27331200.0,1.0004615604144713,RATIO_OBSERVED
CPALL,2026-01-06,30571455,0,PRESENT,30563300.0,1.0002668232815173,RATIO_OBSERVED
CPALL,2026-01-07,14097773,0,PRESENT,14090800.0,1.000494861895705,RATIO_OBSERVED
CPALL,2026-01-08,22315247,0,PRESENT,22304800.0,1.0004683745202827,RATIO_OBSERVED
CPALL,2026-01-09,16573148,0,PRESENT,16565800.0,1.000443564452064,RATIO_OBSERVED
CPF,2026-01-05,11467683,0,PRESENT,11466200.0,1.00012933665905,RATIO_OBSERVED
CPF,2026-01-06,14315053,0,PRESENT,14313400.0,1.0001154861877681,RATIO_OBSERVED
CPF,2026-01-07,16738223,0,PRESENT,16737000.0,1.0000730716376889,RATIO_OBSERVED
CPF,2026-01-08,16704661,0,PRESENT,16703600.0,1.0000635192413612,RATIO_OBSERVED
CPF,2026-01-09,9976828,0,PRESENT,9976300.0,1.0000529254332768,RATIO_OBSERVED
CPN,2026-01-05,5776678,0,PRESENT,5775800.0,1.0001520135738773,RATIO_OBSERVED
CPN,2026-01-06,3774929,0,PRESENT,3774300.0,1.000166653419177,RATIO_OBSERVED
CPN,2026-01-07,3322887,0,PRESENT,3322500.0,1.0001164785553047,RATIO_OBSERVED
CPN,2026-01-08,6554666,0,PRESENT,6553900.0,1.0001168769740154,RATIO_OBSERVED
CPN,2026-01-09,7214881,0,PRESENT,7214600.0,1.0000389487982702,RATIO_OBSERVED
CRC,2026-01-05,12514382,0,PRESENT,12512900.0,1.000118437772219,RATIO_OBSERVED
CRC,2026-01-06,7016669,0,PRESENT,7015900.0,1.0001096081757153,RATIO_OBSERVED
CRC,2026-01-07,11568706,0,PRESENT,11568100.0,1.0000523854392684,RATIO_OBSERVED
CRC,2026-01-08,17688816,0,PRESENT,17685600.0,1.0001818428552043,RATIO_OBSERVED
CRC,2026-01-09,5692275,0,PRESENT,5691100.0,1.0002064627224965,RATIO_OBSERVED
DELTA,2026-01-05,32016808,0,PRESENT,31995400.0,1.0006690961825762,RATIO_OBSERVED
DELTA,2026-01-06,18643711,0,PRESENT,18633600.0,1.0005426219302764,RATIO_OBSERVED
DELTA,2026-01-07,13946527,0,PRESENT,13937100.0,1.000676396093879,RATIO_OBSERVED
DELTA,2026-01-08,98484885,0,PRESENT,98418900.0,1.0006704504927406,RATIO_OBSERVED
DELTA,2026-01-09,24374568,0,PRESENT,24354100.0,1.0008404334383123,RATIO_OBSERVED
EGCO,2026-01-05,738924,0,PRESENT,738500.0,1.0005741367637102,RATIO_OBSERVED
EGCO,2026-01-06,723639,0,PRESENT,722700.0,1.001299294312993,RATIO_OBSERVED
EGCO,2026-01-07,2820299,0,PRESENT,2819400.0,1.0003188621692558,RATIO_OBSERVED
EGCO,2026-01-08,1358358,0,PRESENT,1357400.0,1.0007057610137027,RATIO_OBSERVED
EGCO,2026-01-09,957946,0,PRESENT,957400.0,1.0005702945477335,RATIO_OBSERVED
GPSC,2026-01-05,4772250,0,PRESENT,4761700.0,1.0022155952705967,RATIO_OBSERVED
GPSC,2026-01-06,10332586,0,PRESENT,10330100.0,1.0002406559471835,RATIO_OBSERVED
GPSC,2026-01-07,4232249,0,PRESENT,4229800.0,1.0005789871861555,RATIO_OBSERVED
GPSC,2026-01-08,3831226,0,PRESENT,3827800.0,1.0008950310883535,RATIO_OBSERVED
GPSC,2026-01-09,1969261,0,PRESENT,1967900.0,1.000691600182936,RATIO_OBSERVED
GULF,2026-01-05,22200641,0,PRESENT,22194800.0,1.0002631697514732,RATIO_OBSERVED
GULF,2026-01-06,25462101,0,PRESENT,25457100.0,1.0001964481421686,RATIO_OBSERVED
GULF,2026-01-07,28549686,0,PRESENT,28544200.0,1.0001921931600815,RATIO_OBSERVED
GULF,2026-01-08,24380642,0,PRESENT,24376300.0,1.0001781238333955,RATIO_OBSERVED
GULF,2026-01-09,27542056,0,PRESENT,27539500.0,1.000092812142559,RATIO_OBSERVED
HMPRO,2026-01-05,25656915,0,PRESENT,25655300.0,1.0000629499557596,RATIO_OBSERVED
HMPRO,2026-01-06,12694666,0,PRESENT,12693600.0,1.0000839793281653,RATIO_OBSERVED
HMPRO,2026-01-07,16476014,0,PRESENT,16474900.0,1.0000676180128558,RATIO_OBSERVED
HMPRO,2026-01-08,21817768,0,PRESENT,21817400.0,1.0000168672710772,RATIO_OBSERVED
HMPRO,2026-01-09,16868354,0,PRESENT,16867700.0,1.0000387723281776,RATIO_OBSERVED
IVL,2026-01-05,20125198,0,PRESENT,20124300.0,1.0000446226701052,RATIO_OBSERVED
IVL,2026-01-06,10840388,0,PRESENT,10839300.0,1.0001003754855018,RATIO_OBSERVED
IVL,2026-01-07,72747649,0,PRESENT,72745200.0,1.000033665451466,RATIO_OBSERVED
IVL,2026-01-08,20088400,0,PRESENT,20087300.0,1.000054760968373,RATIO_OBSERVED
IVL,2026-01-09,18621099,0,PRESENT,18620300.0,1.000042910157194,RATIO_OBSERVED
KBANK,2026-01-05,9317792,0,PRESENT,9314200.0,1.0003856477206845,RATIO_OBSERVED
KBANK,2026-01-06,7358553,0,PRESENT,7356300.0,1.0003062680967334,RATIO_OBSERVED
KBANK,2026-01-07,9617809,0,PRESENT,9613200.0,1.0004794449298882,RATIO_OBSERVED
KBANK,2026-01-08,12427299,0,PRESENT,12425400.0,1.0001528321019846,RATIO_OBSERVED
KBANK,2026-01-09,15036536,0,PRESENT,15032800.0,1.0002485232292055,RATIO_OBSERVED
KKP,2026-01-05,5490671,0,PRESENT,5487700.0,1.0005413925688358,RATIO_OBSERVED
KKP,2026-01-06,4837148,0,PRESENT,4832800.0,1.000899685482536,RATIO_OBSERVED
KKP,2026-01-07,3780326,0,PRESENT,3773500.0,1.0018089307009408,RATIO_OBSERVED
KKP,2026-01-08,3680231,0,PRESENT,3679300.0,1.0002530372625227,RATIO_OBSERVED
KKP,2026-01-09,2255790,0,PRESENT,2253100.0,1.0011939106120455,RATIO_OBSERVED
KTB,2026-01-05,64617480,0,PRESENT,64612600.0,1.0000755270643806,RATIO_OBSERVED
KTB,2026-01-06,28641801,0,PRESENT,28638900.0,1.000101295789992,RATIO_OBSERVED
KTB,2026-01-07,43732963,0,PRESENT,43724600.0,1.0001912653288996,RATIO_OBSERVED
KTB,2026-01-08,57129023,0,PRESENT,57125800.0,1.0000564193411734,RATIO_OBSERVED
KTB,2026-01-09,43602452,0,PRESENT,43598200.0,1.0000975269621224,RATIO_OBSERVED
KTC,2026-01-05,17481152,0,PRESENT,17479200.0,1.0001116755915602,RATIO_OBSERVED
KTC,2026-01-06,6966656,0,PRESENT,6965400.0,1.00018031986677,RATIO_OBSERVED
KTC,2026-01-07,8193108,0,PRESENT,8191700.0,1.000171881294481,RATIO_OBSERVED
KTC,2026-01-08,14495336,0,PRESENT,14493000.0,1.0001611812599185,RATIO_OBSERVED
KTC,2026-01-09,15952223,0,PRESENT,15949800.0,1.0001519141305848,RATIO_OBSERVED
LH,2026-01-05,28141336,0,PRESENT,28139300.0,1.0000723543229575,RATIO_OBSERVED
LH,2026-01-06,36259964,0,PRESENT,36257500.0,1.0000679583534442,RATIO_OBSERVED
LH,2026-01-07,32765137,0,PRESENT,32763200.0,1.0000591212091614,RATIO_OBSERVED
LH,2026-01-08,29096424,0,PRESENT,29094600.0,1.0000626920459468,RATIO_OBSERVED
LH,2026-01-09,15129420,0,PRESENT,15127100.0,1.0001533671358027,RATIO_OBSERVED
MINT,2026-01-05,13784870,0,PRESENT,13783800.0,1.000077627359654,RATIO_OBSERVED
MINT,2026-01-06,11238520,0,PRESENT,11237100.0,1.0001263671231901,RATIO_OBSERVED
MINT,2026-01-07,16456263,0,PRESENT,16454100.0,1.0001314565974437,RATIO_OBSERVED
MINT,2026-01-08,13812075,0,PRESENT,13811300.0,1.0000561134723016,RATIO_OBSERVED
MINT,2026-01-09,7928141,0,PRESENT,7927500.0,1.000080857773573,RATIO_OBSERVED
MRDIYT,2026-01-05,6078896,0,PRESENT,6078100.0,1.0001309619782497,RATIO_OBSERVED
MRDIYT,2026-01-06,1835792,0,PRESENT,1835400.0,1.0002135774218155,RATIO_OBSERVED
MRDIYT,2026-01-07,3016866,0,PRESENT,3016600.0,1.0000881787442817,RATIO_OBSERVED
MRDIYT,2026-01-08,2002862,0,PRESENT,2002800.0,1.000030956660675,RATIO_OBSERVED
MRDIYT,2026-01-09,660602,0,PRESENT,660500.0,1.0001544284632853,RATIO_OBSERVED
MTC,2026-01-05,11127817,0,PRESENT,11126800.0,1.00009140094187,RATIO_OBSERVED
MTC,2026-01-06,8946011,0,PRESENT,8945300.0,1.0000794830805004,RATIO_OBSERVED
MTC,2026-01-07,8891554,0,PRESENT,8890600.0,1.0001073043439137,RATIO_OBSERVED
MTC,2026-01-08,12695790,0,PRESENT,12693600.0,1.0001725278880695,RATIO_OBSERVED
MTC,2026-01-09,8094767,0,PRESENT,8093500.0,1.000156545375919,RATIO_OBSERVED
OR,2026-01-05,15298064,0,PRESENT,15295400.0,1.000174170011899,RATIO_OBSERVED
OR,2026-01-06,15264650,0,PRESENT,15261500.0,1.000206401729843,RATIO_OBSERVED
OR,2026-01-07,23126577,0,PRESENT,23123600.0,1.0001287429293018,RATIO_OBSERVED
OR,2026-01-08,26198182,0,PRESENT,26196000.0,1.0000832951595664,RATIO_OBSERVED
OR,2026-01-09,12649297,0,PRESENT,12648000.0,1.0001025458570525,RATIO_OBSERVED
OSP,2026-01-05,6441180,0,PRESENT,6440100.0,1.0001676992593282,RATIO_OBSERVED
OSP,2026-01-06,7085714,0,PRESENT,7084800.0,1.0001290085817525,RATIO_OBSERVED
OSP,2026-01-07,10502271,0,PRESENT,10501400.0,1.0000829413221095,RATIO_OBSERVED
OSP,2026-01-08,9792366,0,PRESENT,9791400.0,1.0000986580060052,RATIO_OBSERVED
OSP,2026-01-09,7857891,0,PRESENT,7857200.0,1.000087944814947,RATIO_OBSERVED
PTT,2026-01-05,35819490,0,PRESENT,35811000.0,1.0002370779927956,RATIO_OBSERVED
PTT,2026-01-06,41857471,0,PRESENT,41853000.0,1.0001068262729076,RATIO_OBSERVED
PTT,2026-01-07,21255014,0,PRESENT,21251600.0,1.0001606467277757,RATIO_OBSERVED
PTT,2026-01-08,26859351,0,PRESENT,26855300.0,1.000150845456949,RATIO_OBSERVED
PTT,2026-01-09,24896792,0,PRESENT,24892700.0,1.0001643855427496,RATIO_OBSERVED
PTTEP,2026-01-05,13463827,0,PRESENT,13457300.0,1.0004850155677587,RATIO_OBSERVED
PTTEP,2026-01-06,6173200,0,PRESENT,6170800.0,1.0003889285019771,RATIO_OBSERVED
PTTEP,2026-01-07,17986401,0,PRESENT,17974100.0,1.0006843736264959,RATIO_OBSERVED
PTTEP,2026-01-08,11106745,0,PRESENT,11103100.0,1.000328286694707,RATIO_OBSERVED
PTTEP,2026-01-09,9231929,0,PRESENT,9228800.0,1.000339047330097,RATIO_OBSERVED
PTTGC,2026-01-05,20791478,0,PRESENT,20790200.0,1.0000614712701177,RATIO_OBSERVED
PTTGC,2026-01-06,11624067,0,PRESENT,11623300.0,1.0000659881445029,RATIO_OBSERVED
PTTGC,2026-01-07,58027884,0,PRESENT,58023700.0,1.0000721084660233,RATIO_OBSERVED
PTTGC,2026-01-08,16113307,0,PRESENT,16112200.0,1.0000687057012698,RATIO_OBSERVED
PTTGC,2026-01-09,12796973,0,PRESENT,12796300.0,1.0000525933277589,RATIO_OBSERVED
RATCH,2026-01-05,2621449,0,PRESENT,2620600.0,1.000323971609555,RATIO_OBSERVED
RATCH,2026-01-06,675161,0,PRESENT,674600.0,1.0008316039134302,RATIO_OBSERVED
RATCH,2026-01-07,765550,0,PRESENT,765100.0,1.0005881584106653,RATIO_OBSERVED
RATCH,2026-01-08,2571751,0,PRESENT,2571300.0,1.0001753976587717,RATIO_OBSERVED
RATCH,2026-01-09,698369,0,PRESENT,697900.0,1.0006720160481444,RATIO_OBSERVED
SCB,2026-01-05,16671879,0,PRESENT,16659700.0,1.0007310455770513,RATIO_OBSERVED
SCB,2026-01-06,11579421,0,PRESENT,11563900.0,1.0013421942424268,RATIO_OBSERVED
SCB,2026-01-07,7800733,0,PRESENT,7782200.0,1.0023814602554548,RATIO_OBSERVED
SCB,2026-01-08,11233023,0,PRESENT,11225500.0,1.0006701705937375,RATIO_OBSERVED
SCB,2026-01-09,8387631,0,PRESENT,8376800.0,1.001292975838029,RATIO_OBSERVED
SCC,2026-01-05,3594482,0,PRESENT,3592900.0,1.0004403128392108,RATIO_OBSERVED
SCC,2026-01-06,1924478,0,PRESENT,1923200.0,1.000664517470882,RATIO_OBSERVED
SCC,2026-01-07,8265746,0,PRESENT,8260600.0,1.0006229571701812,RATIO_OBSERVED
SCC,2026-01-08,2850997,0,PRESENT,2849700.0,1.0004551356283118,RATIO_OBSERVED
SCC,2026-01-09,2258728,0,PRESENT,2257300.0,1.0006326141850883,RATIO_OBSERVED
SCGP,2026-01-05,8792567,0,PRESENT,8791800.0,1.0000872403830843,RATIO_OBSERVED
SCGP,2026-01-06,16707755,0,PRESENT,16706900.0,1.0000511764600255,RATIO_OBSERVED
SCGP,2026-01-07,25748829,0,PRESENT,25747400.0,1.0000555007495902,RATIO_OBSERVED
SCGP,2026-01-08,12222151,0,PRESENT,12221700.0,1.0000369015767037,RATIO_OBSERVED
SCGP,2026-01-09,7983534,0,PRESENT,7983200.0,1.000041837859505,RATIO_OBSERVED
TCAP,2026-01-05,3532508,0,PRESENT,3530900.0,1.0004554079696395,RATIO_OBSERVED
TCAP,2026-01-06,2253664,0,PRESENT,2251300.0,1.0010500599653533,RATIO_OBSERVED
TCAP,2026-01-07,2826592,0,PRESENT,2825900.0,1.0002448777380657,RATIO_OBSERVED
TCAP,2026-01-08,2092100,0,PRESENT,2091300.0,1.0003825371778319,RATIO_OBSERVED
TCAP,2026-01-09,1965587,0,PRESENT,1964500.0,1.000553321455841,RATIO_OBSERVED
TFG,2026-01-05,44434380,0,PRESENT,44431500.0,1.0000648188784984,RATIO_OBSERVED
TFG,2026-01-06,32685509,0,PRESENT,32681700.0,1.0001165484047647,RATIO_OBSERVED
TFG,2026-01-07,26865811,0,PRESENT,26862300.0,1.0001307036255271,RATIO_OBSERVED
TFG,2026-01-08,32160609,0,PRESENT,32156500.0,1.0001277813194844,RATIO_OBSERVED
TFG,2026-01-09,47930037,0,PRESENT,47927200.0,1.0000591939441486,RATIO_OBSERVED
THAI,2026-01-05,28247951,0,PRESENT,28244400.0,1.0001257240373314,RATIO_OBSERVED
THAI,2026-01-06,16954440,0,PRESENT,16952000.0,1.0001439358187825,RATIO_OBSERVED
THAI,2026-01-07,47092909,0,PRESENT,47088500.0,1.000093632203192,RATIO_OBSERVED
THAI,2026-01-08,30064126,0,PRESENT,30061100.0,1.0001006616524346,RATIO_OBSERVED
THAI,2026-01-09,15252831,0,PRESENT,15250600.0,1.0001462893263215,RATIO_OBSERVED
TIDLOR,2026-01-05,14161960,0,PRESENT,14159800.0,1.000152544527465,RATIO_OBSERVED
TIDLOR,2026-01-06,12208659,0,PRESENT,12207700.0,1.0000785569763346,RATIO_OBSERVED
TIDLOR,2026-01-07,7655817,0,PRESENT,7655200.0,1.000080598808653,RATIO_OBSERVED
TIDLOR,2026-01-08,7746273,0,PRESENT,7745400.0,1.0001127120613524,RATIO_OBSERVED
TIDLOR,2026-01-09,10887500,0,PRESENT,10886000.0,1.0001377916590115,RATIO_OBSERVED
TISCO,2026-01-05,5063611,0,PRESENT,5051400.0,1.0024173496456428,RATIO_OBSERVED
TISCO,2026-01-06,3859584,0,PRESENT,3840400.0,1.0049953129882303,RATIO_OBSERVED
TISCO,2026-01-07,4648468,0,PRESENT,4638700.0,1.002105762390325,RATIO_OBSERVED
TISCO,2026-01-08,4315771,0,PRESENT,4307300.0,1.0019666612495066,RATIO_OBSERVED
TISCO,2026-01-09,3284579,0,PRESENT,3279400.0,1.0015792523022504,RATIO_OBSERVED
TLI,2026-01-05,22598560,0,PRESENT,22597800.0,1.0000336315924558,RATIO_OBSERVED
TLI,2026-01-06,13103447,0,PRESENT,13102900.0,1.000041746483603,RATIO_OBSERVED
TLI,2026-01-07,11529635,0,PRESENT,11529200.0,1.000037730284842,RATIO_OBSERVED
TLI,2026-01-08,11203391,0,PRESENT,11203000.0,1.0000349013657057,RATIO_OBSERVED
TLI,2026-01-09,26279097,0,PRESENT,26278200.0,1.0000341347580886,RATIO_OBSERVED
TOP,2026-01-05,19594990,0,PRESENT,19592800.0,1.0001117757543587,RATIO_OBSERVED
TOP,2026-01-06,33479359,0,PRESENT,33476200.0,1.0000943655492558,RATIO_OBSERVED
TOP,2026-01-07,16842602,0,PRESENT,16841000.0,1.0000951249925776,RATIO_OBSERVED
TOP,2026-01-08,8642054,0,PRESENT,8640800.0,1.0001451254513472,RATIO_OBSERVED
TOP,2026-01-09,9582256,0,PRESENT,9580900.0,1.0001415315888904,RATIO_OBSERVED
TRUE,2026-01-05,204504866,0,PRESENT,204502100.0,1.0000135255334786,RATIO_OBSERVED
TRUE,2026-01-06,65557835,0,PRESENT,65556200.0,1.000024940432789,RATIO_OBSERVED
TRUE,2026-01-07,36850995,0,PRESENT,36849300.0,1.0000459981600736,RATIO_OBSERVED
TRUE,2026-01-08,56284524,0,PRESENT,56283600.0,1.0000164168603287,RATIO_OBSERVED
TRUE,2026-01-09,25015498,0,PRESENT,25014100.0,1.000055888478898,RATIO_OBSERVED
TTB,2026-01-05,648644646,0,PRESENT,648636700.0,1.0000122503089943,RATIO_OBSERVED
TTB,2026-01-06,454807192,0,PRESENT,454800900.0,1.0000138346252174,RATIO_OBSERVED
TTB,2026-01-07,577203530,0,PRESENT,577195300.0,1.0000142586053629,RATIO_OBSERVED
TTB,2026-01-08,178298569,0,PRESENT,178293100.0,1.0000306742100507,RATIO_OBSERVED
TTB,2026-01-09,181483535,0,PRESENT,181479000.0,1.0000249891171982,RATIO_OBSERVED
TU,2026-01-05,12449420,0,PRESENT,12448400.0,1.000081938241059,RATIO_OBSERVED
TU,2026-01-06,36127232,0,PRESENT,36124300.0,1.0000811642024898,RATIO_OBSERVED
TU,2026-01-07,15738566,0,PRESENT,15738100.0,1.0000296096733405,RATIO_OBSERVED
TU,2026-01-08,12334020,0,PRESENT,12332400.0,1.0001313612922058,RATIO_OBSERVED
TU,2026-01-09,13022289,0,PRESENT,13020500.0,1.0001373987174071,RATIO_OBSERVED
WHA,2026-01-05,93411536,0,PRESENT,93407900.0,1.0000389260437286,RATIO_OBSERVED
WHA,2026-01-06,60704969,0,PRESENT,60701600.0,1.0000555010082106,RATIO_OBSERVED
WHA,2026-01-07,42834298,0,PRESENT,42832900.0,1.0000326384624902,RATIO_OBSERVED
WHA,2026-01-08,32565259,0,PRESENT,32564200.0,1.000032520375136,RATIO_OBSERVED
WHA,2026-01-09,55055373,0,PRESENT,55053600.0,1.000032204978421,RATIO_OBSERVED
