period,effective_from,effective_to,symbol,company_name,source_url,source_type,provenance_source_url,confidence,revision_status,mapping_status,notes
2017_H1,2017-01-01,2017-06-30,ADVANC,,https://mondovisione.com/_assets/files/Attachment-for-SETRelease-111-2016-Eng.pdf,SECONDARY_MIRROR_OF_SET_DOCUMENT,https://mondovisione.com/_assets/files/Attachment-for-SETRelease-111-2016-Eng.pdf,HIGH,SOURCE_SNAPSHOT_REPORTED,UNREVIEWED_HISTORICAL_SECURITY_IDENTITY,Company name intentionally blank; identity continuity is out of scope.
2017_H1,2017-01-01,2017-06-30,AOT,,https://mondovisione.com/_assets/files/Attachment-for-SETRelease-111-2016-Eng.pdf,SECONDARY_MIRROR_OF_SET_DOCUMENT,https://mondovisione.com/_assets/files/Attachment-for-SETRelease-111-2016-Eng.pdf,HIGH,SOURCE_SNAPSHOT_REPORTED,UNREVIEWED_HISTORICAL_SECURITY_IDENTITY,Company name intentionally blank; identity continuity is out of scope.
2017_H1,2017-01-01,2017-06-30,BA,,https://mondovisione.com/_assets/files/Attachment-for-SETRelease-111-2016-Eng.pdf,SECONDARY_MIRROR_OF_SET_DOCUMENT,https://mondovisione.com/_assets/files/Attachment-for-SETRelease-111-2016-Eng.pdf,HIGH,SOURCE_SNAPSHOT_REPORTED,UNREVIEWED_HISTORICAL_SECURITY_IDENTITY,Company name intentionally blank; identity continuity is out of scope.
2017_H1,2017-01-01,2017-06-30,BANPU,,https://mondovisione.com/_assets/files/Attachment-for-SETRelease-111-2016-Eng.pdf,SECONDARY_MIRROR_OF_SET_DOCUMENT,https://mondovisione.com/_assets/files/Attachment-for-SETRelease-111-2016-Eng.pdf,HIGH,SOURCE_SNAPSHOT_REPORTED,UNREVIEWED_HISTORICAL_SECURITY_IDENTITY,Company name intentionally blank; identity continuity is out of scope.
2017_H1,2017-01-01,2017-06-30,BBL,,https://mondovisione.com/_assets/files/Attachment-for-SETRelease-111-2016-Eng.pdf,SECONDARY_MIRROR_OF_SET_DOCUMENT,https://mondovisione.com/_assets/files/Attachment-for-SETRelease-111-2016-Eng.pdf,HIGH,SOURCE_SNAPSHOT_REPORTED,UNREVIEWED_HISTORICAL_SECURITY_IDENTITY,Company name intentionally blank; identity continuity is out of scope.
2017_H1,2017-01-01,2017-06-30,BCP,,https://mondovisione.com/_assets/files/Attachment-for-SETRelease-111-2016-Eng.pdf,SECONDARY_MIRROR_OF_SET_DOCUMENT,https://mondovisione.com/_assets/files/Attachment-for-SETRelease-111-2016-Eng.pdf,HIGH,SOURCE_SNAPSHOT_REPORTED,UNREVIEWED_HISTORICAL_SECURITY_IDENTITY,Company name intentionally blank; identity continuity is out of scope.
2017_H1,2017-01-01,2017-06-30,BDMS,,https://mondovisione.com/_assets/files/Attachment-for-SETRelease-111-2016-Eng.pdf,SECONDARY_MIRROR_OF_SET_DOCUMENT,https://mondovisione.com/_assets/files/Attachment-for-SETRelease-111-2016-Eng.pdf,HIGH,SOURCE_SNAPSHOT_REPORTED,UNREVIEWED_HISTORICAL_SECURITY_IDENTITY,Company name intentionally blank; identity continuity is out of scope.
2017_H1,2017-01-01,2017-06-30,BEM,,https://mondovisione.com/_assets/files/Attachment-for-SETRelease-111-2016-Eng.pdf,SECONDARY_MIRROR_OF_SET_DOCUMENT,https://mondovisione.com/_assets/files/Attachment-for-SETRelease-111-2016-Eng.pdf,HIGH,SOURCE_SNAPSHOT_REPORTED,UNREVIEWED_HISTORICAL_SECURITY_IDENTITY,Company name intentionally blank; identity continuity is out of scope.
2017_H1,2017-01-01,2017-06-30,BH,,https://mondovisione.com/_assets/files/Attachment-for-SETRelease-111-2016-Eng.pdf,SECONDARY_MIRROR_OF_SET_DOCUMENT,https://mondovisione.com/_assets/files/Attachment-for-SETRelease-111-2016-Eng.pdf,HIGH,SOURCE_SNAPSHOT_REPORTED,UNREVIEWED_HISTORICAL_SECURITY_IDENTITY,Company name intentionally blank; identity continuity is out of scope.
2017_H1,2017-01-01,2017-06-30,BLA,,https://mondovisione.com/_assets/files/Attachment-for-SETRelease-111-2016-Eng.pdf,SECONDARY_MIRROR_OF_SET_DOCUMENT,https://mondovisione.com/_assets/files/Attachment-for-SETRelease-111-2016-Eng.pdf,HIGH,SOURCE_SNAPSHOT_REPORTED,UNREVIEWED_HISTORICAL_SECURITY_IDENTITY,Company name intentionally blank; identity continuity is out of scope.
2017_H1,2017-01-01,2017-06-30,BTS,,https://mondovisione.com/_assets/files/Attachment-for-SETRelease-111-2016-Eng.pdf,SECONDARY_MIRROR_OF_SET_DOCUMENT,https://mondovisione.com/_assets/files/Attachment-for-SETRelease-111-2016-Eng.pdf,HIGH,SOURCE_SNAPSHOT_REPORTED,UNREVIEWED_HISTORICAL_SECURITY_IDENTITY,Company name intentionally blank; identity continuity is out of scope.
2017_H1,2017-01-01,2017-06-30,CBG,,https://mondovisione.com/_assets/files/Attachment-for-SETRelease-111-2016-Eng.pdf,SECONDARY_MIRROR_OF_SET_DOCUMENT,https://mondovisione.com/_assets/files/Attachment-for-SETRelease-111-2016-Eng.pdf,HIGH,SOURCE_SNAPSHOT_REPORTED,UNREVIEWED_HISTORICAL_SECURITY_IDENTITY,Company name intentionally blank; identity continuity is out of scope.
2017_H1,2017-01-01,2017-06-30,CENTEL,,https://mondovisione.com/_assets/files/Attachment-for-SETRelease-111-2016-Eng.pdf,SECONDARY_MIRROR_OF_SET_DOCUMENT,https://mondovisione.com/_assets/files/Attachment-for-SETRelease-111-2016-Eng.pdf,HIGH,SOURCE_SNAPSHOT_REPORTED,UNREVIEWED_HISTORICAL_SECURITY_IDENTITY,Company name intentionally blank; identity continuity is out of scope.
2017_H1,2017-01-01,2017-06-30,CK,,https://mondovisione.com/_assets/files/Attachment-for-SETRelease-111-2016-Eng.pdf,SECONDARY_MIRROR_OF_SET_DOCUMENT,https://mondovisione.com/_assets/files/Attachment-for-SETRelease-111-2016-Eng.pdf,HIGH,SOURCE_SNAPSHOT_REPORTED,UNREVIEWED_HISTORICAL_SECURITY_IDENTITY,Company name intentionally blank; identity continuity is out of scope.
2017_H1,2017-01-01,2017-06-30,CPALL,,https://mondovisione.com/_assets/files/Attachment-for-SETRelease-111-2016-Eng.pdf,SECONDARY_MIRROR_OF_SET_DOCUMENT,https://mondovisione.com/_assets/files/Attachment-for-SETRelease-111-2016-Eng.pdf,HIGH,SOURCE_SNAPSHOT_REPORTED,UNREVIEWED_HISTORICAL_SECURITY_IDENTITY,Company name intentionally blank; identity continuity is out of scope.
2017_H1,2017-01-01,2017-06-30,CPF,,https://mondovisione.com/_assets/files/Attachment-for-SETRelease-111-2016-Eng.pdf,SECONDARY_MIRROR_OF_SET_DOCUMENT,https://mondovisione.com/_assets/files/Attachment-for-SETRelease-111-2016-Eng.pdf,HIGH,SOURCE_SNAPSHOT_REPORTED,UNREVIEWED_HISTORICAL_SECURITY_IDENTITY,Company name intentionally blank; identity continuity is out of scope.
2017_H1,2017-01-01,2017-06-30,CPN,,https://mondovisione.com/_assets/files/Attachment-for-SETRelease-111-2016-Eng.pdf,SECONDARY_MIRROR_OF_SET_DOCUMENT,https://mondovisione.com/_assets/files/Attachment-for-SETRelease-111-2016-Eng.pdf,HIGH,SOURCE_SNAPSHOT_REPORTED,UNREVIEWED_HISTORICAL_SECURITY_IDENTITY,Company name intentionally blank; identity continuity is out of scope.
2017_H1,2017-01-01,2017-06-30,DELTA,,https://mondovisione.com/_assets/files/Attachment-for-SETRelease-111-2016-Eng.pdf,SECONDARY_MIRROR_OF_SET_DOCUMENT,https://mondovisione.com/_assets/files/Attachment-for-SETRelease-111-2016-Eng.pdf,HIGH,SOURCE_SNAPSHOT_REPORTED,UNREVIEWED_HISTORICAL_SECURITY_IDENTITY,Company name intentionally blank; identity continuity is out of scope.
2017_H1,2017-01-01,2017-06-30,DTAC,,https://mondovisione.com/_assets/files/Attachment-for-SETRelease-111-2016-Eng.pdf,SECONDARY_MIRROR_OF_SET_DOCUMENT,https://mondovisione.com/_assets/files/Attachment-for-SETRelease-111-2016-Eng.pdf,HIGH,SOURCE_SNAPSHOT_REPORTED,UNREVIEWED_HISTORICAL_SECURITY_IDENTITY,Company name intentionally blank; identity continuity is out of scope.
2017_H1,2017-01-01,2017-06-30,EGCO,,https://mondovisione.com/_assets/files/Attachment-for-SETRelease-111-2016-Eng.pdf,SECONDARY_MIRROR_OF_SET_DOCUMENT,https://mondovisione.com/_assets/files/Attachment-for-SETRelease-111-2016-Eng.pdf,HIGH,SOURCE_SNAPSHOT_REPORTED,UNREVIEWED_HISTORICAL_SECURITY_IDENTITY,Company name intentionally blank; identity continuity is out of scope.
2017_H1,2017-01-01,2017-06-30,GLOBAL,,https://mondovisione.com/_assets/files/Attachment-for-SETRelease-111-2016-Eng.pdf,SECONDARY_MIRROR_OF_SET_DOCUMENT,https://mondovisione.com/_assets/files/Attachment-for-SETRelease-111-2016-Eng.pdf,HIGH,SOURCE_SNAPSHOT_REPORTED,UNREVIEWED_HISTORICAL_SECURITY_IDENTITY,Company name intentionally blank; identity continuity is out of scope.
2017_H1,2017-01-01,2017-06-30,GLOW,,https://mondovisione.com/_assets/files/Attachment-for-SETRelease-111-2016-Eng.pdf,SECONDARY_MIRROR_OF_SET_DOCUMENT,https://mondovisione.com/_assets/files/Attachment-for-SETRelease-111-2016-Eng.pdf,HIGH,SOURCE_SNAPSHOT_REPORTED,UNREVIEWED_HISTORICAL_SECURITY_IDENTITY,Company name intentionally blank; identity continuity is out of scope.
2017_H1,2017-01-01,2017-06-30,GPSC,,https://mondovisione.com/_assets/files/Attachment-for-SETRelease-111-2016-Eng.pdf,SECONDARY_MIRROR_OF_SET_DOCUMENT,https://mondovisione.com/_assets/files/Attachment-for-SETRelease-111-2016-Eng.pdf,HIGH,SOURCE_SNAPSHOT_REPORTED,UNREVIEWED_HISTORICAL_SECURITY_IDENTITY,Company name intentionally blank; identity continuity is out of scope.
2017_H1,2017-01-01,2017-06-30,HMPRO,,https://mondovisione.com/_assets/files/Attachment-for-SETRelease-111-2016-Eng.pdf,SECONDARY_MIRROR_OF_SET_DOCUMENT,https://mondovisione.com/_assets/files/Attachment-for-SETRelease-111-2016-Eng.pdf,HIGH,SOURCE_SNAPSHOT_REPORTED,UNREVIEWED_HISTORICAL_SECURITY_IDENTITY,Company name intentionally blank; identity continuity is out of scope.
2017_H1,2017-01-01,2017-06-30,INTUCH,,https://mondovisione.com/_assets/files/Attachment-for-SETRelease-111-2016-Eng.pdf,SECONDARY_MIRROR_OF_SET_DOCUMENT,https://mondovisione.com/_assets/files/Attachment-for-SETRelease-111-2016-Eng.pdf,HIGH,SOURCE_SNAPSHOT_REPORTED,UNREVIEWED_HISTORICAL_SECURITY_IDENTITY,Company name intentionally blank; identity continuity is out of scope.
2017_H1,2017-01-01,2017-06-30,IRPC,,https://mondovisione.com/_assets/files/Attachment-for-SETRelease-111-2016-Eng.pdf,SECONDARY_MIRROR_OF_SET_DOCUMENT,https://mondovisione.com/_assets/files/Attachment-for-SETRelease-111-2016-Eng.pdf,HIGH,SOURCE_SNAPSHOT_REPORTED,UNREVIEWED_HISTORICAL_SECURITY_IDENTITY,Company name intentionally blank; identity continuity is out of scope.
2017_H1,2017-01-01,2017-06-30,IVL,,https://mondovisione.com/_assets/files/Attachment-for-SETRelease-111-2016-Eng.pdf,SECONDARY_MIRROR_OF_SET_DOCUMENT,https://mondovisione.com/_assets/files/Attachment-for-SETRelease-111-2016-Eng.pdf,HIGH,SOURCE_SNAPSHOT_REPORTED,UNREVIEWED_HISTORICAL_SECURITY_IDENTITY,Company name intentionally blank; identity continuity is out of scope.
2017_H1,2017-01-01,2017-06-30,KBANK,,https://mondovisione.com/_assets/files/Attachment-for-SETRelease-111-2016-Eng.pdf,SECONDARY_MIRROR_OF_SET_DOCUMENT,https://mondovisione.com/_assets/files/Attachment-for-SETRelease-111-2016-Eng.pdf,HIGH,SOURCE_SNAPSHOT_REPORTED,UNREVIEWED_HISTORICAL_SECURITY_IDENTITY,Company name intentionally blank; identity continuity is out of scope.
2017_H1,2017-01-01,2017-06-30,KCE,,https://mondovisione.com/_assets/files/Attachment-for-SETRelease-111-2016-Eng.pdf,SECONDARY_MIRROR_OF_SET_DOCUMENT,https://mondovisione.com/_assets/files/Attachment-for-SETRelease-111-2016-Eng.pdf,HIGH,SOURCE_SNAPSHOT_REPORTED,UNREVIEWED_HISTORICAL_SECURITY_IDENTITY,Company name intentionally blank; identity continuity is out of scope.
2017_H1,2017-01-01,2017-06-30,KKP,,https://mondovisione.com/_assets/files/Attachment-for-SETRelease-111-2016-Eng.pdf,SECONDARY_MIRROR_OF_SET_DOCUMENT,https://mondovisione.com/_assets/files/Attachment-for-SETRelease-111-2016-Eng.pdf,HIGH,SOURCE_SNAPSHOT_REPORTED,UNREVIEWED_HISTORICAL_SECURITY_IDENTITY,Company name intentionally blank; identity continuity is out of scope.
2017_H1,2017-01-01,2017-06-30,KTB,,https://mondovisione.com/_assets/files/Attachment-for-SETRelease-111-2016-Eng.pdf,SECONDARY_MIRROR_OF_SET_DOCUMENT,https://mondovisione.com/_assets/files/Attachment-for-SETRelease-111-2016-Eng.pdf,HIGH,SOURCE_SNAPSHOT_REPORTED,UNREVIEWED_HISTORICAL_SECURITY_IDENTITY,Company name intentionally blank; identity continuity is out of scope.
2017_H1,2017-01-01,2017-06-30,LH,,https://mondovisione.com/_assets/files/Attachment-for-SETRelease-111-2016-Eng.pdf,SECONDARY_MIRROR_OF_SET_DOCUMENT,https://mondovisione.com/_assets/files/Attachment-for-SETRelease-111-2016-Eng.pdf,HIGH,SOURCE_SNAPSHOT_REPORTED,UNREVIEWED_HISTORICAL_SECURITY_IDENTITY,Company name intentionally blank; identity continuity is out of scope.
2017_H1,2017-01-01,2017-06-30,MINT,,https://mondovisione.com/_assets/files/Attachment-for-SETRelease-111-2016-Eng.pdf,SECONDARY_MIRROR_OF_SET_DOCUMENT,https://mondovisione.com/_assets/files/Attachment-for-SETRelease-111-2016-Eng.pdf,HIGH,SOURCE_SNAPSHOT_REPORTED,UNREVIEWED_HISTORICAL_SECURITY_IDENTITY,Company name intentionally blank; identity continuity is out of scope.
2017_H1,2017-01-01,2017-06-30,PS,,https://mondovisione.com/_assets/files/Attachment-for-SETRelease-111-2016-Eng.pdf,SECONDARY_MIRROR_OF_SET_DOCUMENT,https://mondovisione.com/_assets/files/Attachment-for-SETRelease-111-2016-Eng.pdf,HIGH,SOURCE_SNAPSHOT_REPORTED,UNREVIEWED_HISTORICAL_SECURITY_IDENTITY,Company name intentionally blank; identity continuity is out of scope.
2017_H1,2017-01-01,2017-06-30,PTG,,https://mondovisione.com/_assets/files/Attachment-for-SETRelease-111-2016-Eng.pdf,SECONDARY_MIRROR_OF_SET_DOCUMENT,https://mondovisione.com/_assets/files/Attachment-for-SETRelease-111-2016-Eng.pdf,HIGH,SOURCE_SNAPSHOT_REPORTED,UNREVIEWED_HISTORICAL_SECURITY_IDENTITY,Company name intentionally blank; identity continuity is out of scope.
2017_H1,2017-01-01,2017-06-30,PTT,,https://mondovisione.com/_assets/files/Attachment-for-SETRelease-111-2016-Eng.pdf,SECONDARY_MIRROR_OF_SET_DOCUMENT,https://mondovisione.com/_assets/files/Attachment-for-SETRelease-111-2016-Eng.pdf,HIGH,SOURCE_SNAPSHOT_REPORTED,UNREVIEWED_HISTORICAL_SECURITY_IDENTITY,Company name intentionally blank; identity continuity is out of scope.
2017_H1,2017-01-01,2017-06-30,PTTEP,,https://mondovisione.com/_assets/files/Attachment-for-SETRelease-111-2016-Eng.pdf,SECONDARY_MIRROR_OF_SET_DOCUMENT,https://mondovisione.com/_assets/files/Attachment-for-SETRelease-111-2016-Eng.pdf,HIGH,SOURCE_SNAPSHOT_REPORTED,UNREVIEWED_HISTORICAL_SECURITY_IDENTITY,Company name intentionally blank; identity continuity is out of scope.
2017_H1,2017-01-01,2017-06-30,PTTGC,,https://mondovisione.com/_assets/files/Attachment-for-SETRelease-111-2016-Eng.pdf,SECONDARY_MIRROR_OF_SET_DOCUMENT,https://mondovisione.com/_assets/files/Attachment-for-SETRelease-111-2016-Eng.pdf,HIGH,SOURCE_SNAPSHOT_REPORTED,UNREVIEWED_HISTORICAL_SECURITY_IDENTITY,Company name intentionally blank; identity continuity is out of scope.
2017_H1,2017-01-01,2017-06-30,ROBINS,,https://mondovisione.com/_assets/files/Attachment-for-SETRelease-111-2016-Eng.pdf,SECONDARY_MIRROR_OF_SET_DOCUMENT,https://mondovisione.com/_assets/files/Attachment-for-SETRelease-111-2016-Eng.pdf,HIGH,SOURCE_SNAPSHOT_REPORTED,UNREVIEWED_HISTORICAL_SECURITY_IDENTITY,Company name intentionally blank; identity continuity is out of scope.
2017_H1,2017-01-01,2017-06-30,SCB,,https://mondovisione.com/_assets/files/Attachment-for-SETRelease-111-2016-Eng.pdf,SECONDARY_MIRROR_OF_SET_DOCUMENT,https://mondovisione.com/_assets/files/Attachment-for-SETRelease-111-2016-Eng.pdf,HIGH,SOURCE_SNAPSHOT_REPORTED,UNREVIEWED_HISTORICAL_SECURITY_IDENTITY,Company name intentionally blank; identity continuity is out of scope.
2017_H1,2017-01-01,2017-06-30,SCC,,https://mondovisione.com/_assets/files/Attachment-for-SETRelease-111-2016-Eng.pdf,SECONDARY_MIRROR_OF_SET_DOCUMENT,https://mondovisione.com/_assets/files/Attachment-for-SETRelease-111-2016-Eng.pdf,HIGH,SOURCE_SNAPSHOT_REPORTED,UNREVIEWED_HISTORICAL_SECURITY_IDENTITY,Company name intentionally blank; identity continuity is out of scope.
2017_H1,2017-01-01,2017-06-30,SPRC,,https://mondovisione.com/_assets/files/Attachment-for-SETRelease-111-2016-Eng.pdf,SECONDARY_MIRROR_OF_SET_DOCUMENT,https://mondovisione.com/_assets/files/Attachment-for-SETRelease-111-2016-Eng.pdf,HIGH,SOURCE_SNAPSHOT_REPORTED,UNREVIEWED_HISTORICAL_SECURITY_IDENTITY,Company name intentionally blank; identity continuity is out of scope.
2017_H1,2017-01-01,2017-06-30,TCAP,,https://mondovisione.com/_assets/files/Attachment-for-SETRelease-111-2016-Eng.pdf,SECONDARY_MIRROR_OF_SET_DOCUMENT,https://mondovisione.com/_assets/files/Attachment-for-SETRelease-111-2016-Eng.pdf,HIGH,SOURCE_SNAPSHOT_REPORTED,UNREVIEWED_HISTORICAL_SECURITY_IDENTITY,Company name intentionally blank; identity continuity is out of scope.
2017_H1,2017-01-01,2017-06-30,THAI,,https://mondovisione.com/_assets/files/Attachment-for-SETRelease-111-2016-Eng.pdf,SECONDARY_MIRROR_OF_SET_DOCUMENT,https://mondovisione.com/_assets/files/Attachment-for-SETRelease-111-2016-Eng.pdf,HIGH,SOURCE_SNAPSHOT_REPORTED,UNREVIEWED_HISTORICAL_SECURITY_IDENTITY,Company name intentionally blank; identity continuity is out of scope.
2017_H1,2017-01-01,2017-06-30,TMB,,https://mondovisione.com/_assets/files/Attachment-for-SETRelease-111-2016-Eng.pdf,SECONDARY_MIRROR_OF_SET_DOCUMENT,https://mondovisione.com/_assets/files/Attachment-for-SETRelease-111-2016-Eng.pdf,HIGH,SOURCE_SNAPSHOT_REPORTED,UNREVIEWED_HISTORICAL_SECURITY_IDENTITY,Company name intentionally blank; identity continuity is out of scope.
2017_H1,2017-01-01,2017-06-30,TOP,,https://mondovisione.com/_assets/files/Attachment-for-SETRelease-111-2016-Eng.pdf,SECONDARY_MIRROR_OF_SET_DOCUMENT,https://mondovisione.com/_assets/files/Attachment-for-SETRelease-111-2016-Eng.pdf,HIGH,SOURCE_SNAPSHOT_REPORTED,UNREVIEWED_HISTORICAL_SECURITY_IDENTITY,Company name intentionally blank; identity continuity is out of scope.
2017_H1,2017-01-01,2017-06-30,TPIPL,,https://mondovisione.com/_assets/files/Attachment-for-SETRelease-111-2016-Eng.pdf,SECONDARY_MIRROR_OF_SET_DOCUMENT,https://mondovisione.com/_assets/files/Attachment-for-SETRelease-111-2016-Eng.pdf,HIGH,SOURCE_SNAPSHOT_REPORTED,UNREVIEWED_HISTORICAL_SECURITY_IDENTITY,Company name intentionally blank; identity continuity is out of scope.
2017_H1,2017-01-01,2017-06-30,TRUE,,https://mondovisione.com/_assets/files/Attachment-for-SETRelease-111-2016-Eng.pdf,SECONDARY_MIRROR_OF_SET_DOCUMENT,https://mondovisione.com/_assets/files/Attachment-for-SETRelease-111-2016-Eng.pdf,HIGH,SOURCE_SNAPSHOT_REPORTED,UNREVIEWED_HISTORICAL_SECURITY_IDENTITY,Company name intentionally blank; identity continuity is out of scope.
2017_H1,2017-01-01,2017-06-30,TU,,https://mondovisione.com/_assets/files/Attachment-for-SETRelease-111-2016-Eng.pdf,SECONDARY_MIRROR_OF_SET_DOCUMENT,https://mondovisione.com/_assets/files/Attachment-for-SETRelease-111-2016-Eng.pdf,HIGH,SOURCE_SNAPSHOT_REPORTED,UNREVIEWED_HISTORICAL_SECURITY_IDENTITY,Company name intentionally blank; identity continuity is out of scope.
2017_H1,2017-01-01,2017-06-30,WHA,,https://mondovisione.com/_assets/files/Attachment-for-SETRelease-111-2016-Eng.pdf,SECONDARY_MIRROR_OF_SET_DOCUMENT,https://mondovisione.com/_assets/files/Attachment-for-SETRelease-111-2016-Eng.pdf,HIGH,SOURCE_SNAPSHOT_REPORTED,UNREVIEWED_HISTORICAL_SECURITY_IDENTITY,Company name intentionally blank; identity continuity is out of scope.
2020_H2,2020-07-01,2020-12-31,ADVANC,,https://www.lhsec.co.th/uploads/userfiles/files/2020/SET50_H2_2020.pdf,SECONDARY_MIRROR_OF_SET_DOCUMENT,https://www.lhsec.co.th/uploads/userfiles/files/2020/SET50_H2_2020.pdf,HIGH,SOURCE_SNAPSHOT_REPORTED,UNREVIEWED_HISTORICAL_SECURITY_IDENTITY,Company name intentionally blank; identity continuity is out of scope.
2020_H2,2020-07-01,2020-12-31,AOT,,https://www.lhsec.co.th/uploads/userfiles/files/2020/SET50_H2_2020.pdf,SECONDARY_MIRROR_OF_SET_DOCUMENT,https://www.lhsec.co.th/uploads/userfiles/files/2020/SET50_H2_2020.pdf,HIGH,SOURCE_SNAPSHOT_REPORTED,UNREVIEWED_HISTORICAL_SECURITY_IDENTITY,Company name intentionally blank; identity continuity is out of scope.
2020_H2,2020-07-01,2020-12-31,AWC,,https://www.lhsec.co.th/uploads/userfiles/files/2020/SET50_H2_2020.pdf,SECONDARY_MIRROR_OF_SET_DOCUMENT,https://www.lhsec.co.th/uploads/userfiles/files/2020/SET50_H2_2020.pdf,HIGH,SOURCE_SNAPSHOT_REPORTED,UNREVIEWED_HISTORICAL_SECURITY_IDENTITY,Company name intentionally blank; identity continuity is out of scope.
2020_H2,2020-07-01,2020-12-31,BBL,,https://www.lhsec.co.th/uploads/userfiles/files/2020/SET50_H2_2020.pdf,SECONDARY_MIRROR_OF_SET_DOCUMENT,https://www.lhsec.co.th/uploads/userfiles/files/2020/SET50_H2_2020.pdf,HIGH,SOURCE_SNAPSHOT_REPORTED,UNREVIEWED_HISTORICAL_SECURITY_IDENTITY,Company name intentionally blank; identity continuity is out of scope.
2020_H2,2020-07-01,2020-12-31,BDMS,,https://www.lhsec.co.th/uploads/userfiles/files/2020/SET50_H2_2020.pdf,SECONDARY_MIRROR_OF_SET_DOCUMENT,https://www.lhsec.co.th/uploads/userfiles/files/2020/SET50_H2_2020.pdf,HIGH,SOURCE_SNAPSHOT_REPORTED,UNREVIEWED_HISTORICAL_SECURITY_IDENTITY,Company name intentionally blank; identity continuity is out of scope.
2020_H2,2020-07-01,2020-12-31,BEM,,https://www.lhsec.co.th/uploads/userfiles/files/2020/SET50_H2_2020.pdf,SECONDARY_MIRROR_OF_SET_DOCUMENT,https://www.lhsec.co.th/uploads/userfiles/files/2020/SET50_H2_2020.pdf,HIGH,SOURCE_SNAPSHOT_REPORTED,UNREVIEWED_HISTORICAL_SECURITY_IDENTITY,Company name intentionally blank; identity continuity is out of scope.
2020_H2,2020-07-01,2020-12-31,BGRIM,,https://www.lhsec.co.th/uploads/userfiles/files/2020/SET50_H2_2020.pdf,SECONDARY_MIRROR_OF_SET_DOCUMENT,https://www.lhsec.co.th/uploads/userfiles/files/2020/SET50_H2_2020.pdf,HIGH,SOURCE_SNAPSHOT_REPORTED,UNREVIEWED_HISTORICAL_SECURITY_IDENTITY,Company name intentionally blank; identity continuity is out of scope.
2020_H2,2020-07-01,2020-12-31,BH,,https://www.lhsec.co.th/uploads/userfiles/files/2020/SET50_H2_2020.pdf,SECONDARY_MIRROR_OF_SET_DOCUMENT,https://www.lhsec.co.th/uploads/userfiles/files/2020/SET50_H2_2020.pdf,HIGH,SOURCE_SNAPSHOT_REPORTED,UNREVIEWED_HISTORICAL_SECURITY_IDENTITY,Company name intentionally blank; identity continuity is out of scope.
2020_H2,2020-07-01,2020-12-31,BJC,,https://www.lhsec.co.th/uploads/userfiles/files/2020/SET50_H2_2020.pdf,SECONDARY_MIRROR_OF_SET_DOCUMENT,https://www.lhsec.co.th/uploads/userfiles/files/2020/SET50_H2_2020.pdf,HIGH,SOURCE_SNAPSHOT_REPORTED,UNREVIEWED_HISTORICAL_SECURITY_IDENTITY,Company name intentionally blank; identity continuity is out of scope.
2020_H2,2020-07-01,2020-12-31,BPP,,https://www.lhsec.co.th/uploads/userfiles/files/2020/SET50_H2_2020.pdf,SECONDARY_MIRROR_OF_SET_DOCUMENT,https://www.lhsec.co.th/uploads/userfiles/files/2020/SET50_H2_2020.pdf,HIGH,SOURCE_SNAPSHOT_REPORTED,UNREVIEWED_HISTORICAL_SECURITY_IDENTITY,Company name intentionally blank; identity continuity is out of scope.
2020_H2,2020-07-01,2020-12-31,BTS,,https://www.lhsec.co.th/uploads/userfiles/files/2020/SET50_H2_2020.pdf,SECONDARY_MIRROR_OF_SET_DOCUMENT,https://www.lhsec.co.th/uploads/userfiles/files/2020/SET50_H2_2020.pdf,HIGH,SOURCE_SNAPSHOT_REPORTED,UNREVIEWED_HISTORICAL_SECURITY_IDENTITY,Company name intentionally blank; identity continuity is out of scope.
2020_H2,2020-07-01,2020-12-31,CBG,,https://www.lhsec.co.th/uploads/userfiles/files/2020/SET50_H2_2020.pdf,SECONDARY_MIRROR_OF_SET_DOCUMENT,https://www.lhsec.co.th/uploads/userfiles/files/2020/SET50_H2_2020.pdf,HIGH,SOURCE_SNAPSHOT_REPORTED,UNREVIEWED_HISTORICAL_SECURITY_IDENTITY,Company name intentionally blank; identity continuity is out of scope.
2020_H2,2020-07-01,2020-12-31,CPALL,,https://www.lhsec.co.th/uploads/userfiles/files/2020/SET50_H2_2020.pdf,SECONDARY_MIRROR_OF_SET_DOCUMENT,https://www.lhsec.co.th/uploads/userfiles/files/2020/SET50_H2_2020.pdf,HIGH,SOURCE_SNAPSHOT_REPORTED,UNREVIEWED_HISTORICAL_SECURITY_IDENTITY,Company name intentionally blank; identity continuity is out of scope.
2020_H2,2020-07-01,2020-12-31,CPF,,https://www.lhsec.co.th/uploads/userfiles/files/2020/SET50_H2_2020.pdf,SECONDARY_MIRROR_OF_SET_DOCUMENT,https://www.lhsec.co.th/uploads/userfiles/files/2020/SET50_H2_2020.pdf,HIGH,SOURCE_SNAPSHOT_REPORTED,UNREVIEWED_HISTORICAL_SECURITY_IDENTITY,Company name intentionally blank; identity continuity is out of scope.
2020_H2,2020-07-01,2020-12-31,CPN,,https://www.lhsec.co.th/uploads/userfiles/files/2020/SET50_H2_2020.pdf,SECONDARY_MIRROR_OF_SET_DOCUMENT,https://www.lhsec.co.th/uploads/userfiles/files/2020/SET50_H2_2020.pdf,HIGH,SOURCE_SNAPSHOT_REPORTED,UNREVIEWED_HISTORICAL_SECURITY_IDENTITY,Company name intentionally blank; identity continuity is out of scope.
2020_H2,2020-07-01,2020-12-31,CRC,,https://www.lhsec.co.th/uploads/userfiles/files/2020/SET50_H2_2020.pdf,SECONDARY_MIRROR_OF_SET_DOCUMENT,https://www.lhsec.co.th/uploads/userfiles/files/2020/SET50_H2_2020.pdf,HIGH,SOURCE_SNAPSHOT_REPORTED,UNREVIEWED_HISTORICAL_SECURITY_IDENTITY,Company name intentionally blank; identity continuity is out of scope.
2020_H2,2020-07-01,2020-12-31,DTAC,,https://www.lhsec.co.th/uploads/userfiles/files/2020/SET50_H2_2020.pdf,SECONDARY_MIRROR_OF_SET_DOCUMENT,https://www.lhsec.co.th/uploads/userfiles/files/2020/SET50_H2_2020.pdf,HIGH,SOURCE_SNAPSHOT_REPORTED,UNREVIEWED_HISTORICAL_SECURITY_IDENTITY,Company name intentionally blank; identity continuity is out of scope.
2020_H2,2020-07-01,2020-12-31,EA,,https://www.lhsec.co.th/uploads/userfiles/files/2020/SET50_H2_2020.pdf,SECONDARY_MIRROR_OF_SET_DOCUMENT,https://www.lhsec.co.th/uploads/userfiles/files/2020/SET50_H2_2020.pdf,HIGH,SOURCE_SNAPSHOT_REPORTED,UNREVIEWED_HISTORICAL_SECURITY_IDENTITY,Company name intentionally blank; identity continuity is out of scope.
2020_H2,2020-07-01,2020-12-31,EGCO,,https://www.lhsec.co.th/uploads/userfiles/files/2020/SET50_H2_2020.pdf,SECONDARY_MIRROR_OF_SET_DOCUMENT,https://www.lhsec.co.th/uploads/userfiles/files/2020/SET50_H2_2020.pdf,HIGH,SOURCE_SNAPSHOT_REPORTED,UNREVIEWED_HISTORICAL_SECURITY_IDENTITY,Company name intentionally blank; identity continuity is out of scope.
2020_H2,2020-07-01,2020-12-31,GLOBAL,,https://www.lhsec.co.th/uploads/userfiles/files/2020/SET50_H2_2020.pdf,SECONDARY_MIRROR_OF_SET_DOCUMENT,https://www.lhsec.co.th/uploads/userfiles/files/2020/SET50_H2_2020.pdf,HIGH,SOURCE_SNAPSHOT_REPORTED,UNREVIEWED_HISTORICAL_SECURITY_IDENTITY,Company name intentionally blank; identity continuity is out of scope.
2020_H2,2020-07-01,2020-12-31,GPSC,,https://www.lhsec.co.th/uploads/userfiles/files/2020/SET50_H2_2020.pdf,SECONDARY_MIRROR_OF_SET_DOCUMENT,https://www.lhsec.co.th/uploads/userfiles/files/2020/SET50_H2_2020.pdf,HIGH,SOURCE_SNAPSHOT_REPORTED,UNREVIEWED_HISTORICAL_SECURITY_IDENTITY,Company name intentionally blank; identity continuity is out of scope.
2020_H2,2020-07-01,2020-12-31,GULF,,https://www.lhsec.co.th/uploads/userfiles/files/2020/SET50_H2_2020.pdf,SECONDARY_MIRROR_OF_SET_DOCUMENT,https://www.lhsec.co.th/uploads/userfiles/files/2020/SET50_H2_2020.pdf,HIGH,SOURCE_SNAPSHOT_REPORTED,UNREVIEWED_HISTORICAL_SECURITY_IDENTITY,Company name intentionally blank; identity continuity is out of scope.
2020_H2,2020-07-01,2020-12-31,HMPRO,,https://www.lhsec.co.th/uploads/userfiles/files/2020/SET50_H2_2020.pdf,SECONDARY_MIRROR_OF_SET_DOCUMENT,https://www.lhsec.co.th/uploads/userfiles/files/2020/SET50_H2_2020.pdf,HIGH,SOURCE_SNAPSHOT_REPORTED,UNREVIEWED_HISTORICAL_SECURITY_IDENTITY,Company name intentionally blank; identity continuity is out of scope.
2020_H2,2020-07-01,2020-12-31,INTUCH,,https://www.lhsec.co.th/uploads/userfiles/files/2020/SET50_H2_2020.pdf,SECONDARY_MIRROR_OF_SET_DOCUMENT,https://www.lhsec.co.th/uploads/userfiles/files/2020/SET50_H2_2020.pdf,HIGH,SOURCE_SNAPSHOT_REPORTED,UNREVIEWED_HISTORICAL_SECURITY_IDENTITY,Company name intentionally blank; identity continuity is out of scope.
2020_H2,2020-07-01,2020-12-31,IRPC,,https://www.lhsec.co.th/uploads/userfiles/files/2020/SET50_H2_2020.pdf,SECONDARY_MIRROR_OF_SET_DOCUMENT,https://www.lhsec.co.th/uploads/userfiles/files/2020/SET50_H2_2020.pdf,HIGH,SOURCE_SNAPSHOT_REPORTED,UNREVIEWED_HISTORICAL_SECURITY_IDENTITY,Company name intentionally blank; identity continuity is out of scope.
2020_H2,2020-07-01,2020-12-31,IVL,,https://www.lhsec.co.th/uploads/userfiles/files/2020/SET50_H2_2020.pdf,SECONDARY_MIRROR_OF_SET_DOCUMENT,https://www.lhsec.co.th/uploads/userfiles/files/2020/SET50_H2_2020.pdf,HIGH,SOURCE_SNAPSHOT_REPORTED,UNREVIEWED_HISTORICAL_SECURITY_IDENTITY,Company name intentionally blank; identity continuity is out of scope.
2020_H2,2020-07-01,2020-12-31,KBANK,,https://www.lhsec.co.th/uploads/userfiles/files/2020/SET50_H2_2020.pdf,SECONDARY_MIRROR_OF_SET_DOCUMENT,https://www.lhsec.co.th/uploads/userfiles/files/2020/SET50_H2_2020.pdf,HIGH,SOURCE_SNAPSHOT_REPORTED,UNREVIEWED_HISTORICAL_SECURITY_IDENTITY,Company name intentionally blank; identity continuity is out of scope.
2020_H2,2020-07-01,2020-12-31,KTB,,https://www.lhsec.co.th/uploads/userfiles/files/2020/SET50_H2_2020.pdf,SECONDARY_MIRROR_OF_SET_DOCUMENT,https://www.lhsec.co.th/uploads/userfiles/files/2020/SET50_H2_2020.pdf,HIGH,SOURCE_SNAPSHOT_REPORTED,UNREVIEWED_HISTORICAL_SECURITY_IDENTITY,Company name intentionally blank; identity continuity is out of scope.
2020_H2,2020-07-01,2020-12-31,KTC,,https://www.lhsec.co.th/uploads/userfiles/files/2020/SET50_H2_2020.pdf,SECONDARY_MIRROR_OF_SET_DOCUMENT,https://www.lhsec.co.th/uploads/userfiles/files/2020/SET50_H2_2020.pdf,HIGH,SOURCE_SNAPSHOT_REPORTED,UNREVIEWED_HISTORICAL_SECURITY_IDENTITY,Company name intentionally blank; identity continuity is out of scope.
2020_H2,2020-07-01,2020-12-31,LH,,https://www.lhsec.co.th/uploads/userfiles/files/2020/SET50_H2_2020.pdf,SECONDARY_MIRROR_OF_SET_DOCUMENT,https://www.lhsec.co.th/uploads/userfiles/files/2020/SET50_H2_2020.pdf,HIGH,SOURCE_SNAPSHOT_REPORTED,UNREVIEWED_HISTORICAL_SECURITY_IDENTITY,Company name intentionally blank; identity continuity is out of scope.
2020_H2,2020-07-01,2020-12-31,MINT,,https://www.lhsec.co.th/uploads/userfiles/files/2020/SET50_H2_2020.pdf,SECONDARY_MIRROR_OF_SET_DOCUMENT,https://www.lhsec.co.th/uploads/userfiles/files/2020/SET50_H2_2020.pdf,HIGH,SOURCE_SNAPSHOT_REPORTED,UNREVIEWED_HISTORICAL_SECURITY_IDENTITY,Company name intentionally blank; identity continuity is out of scope.
2020_H2,2020-07-01,2020-12-31,MTC,,https://www.lhsec.co.th/uploads/userfiles/files/2020/SET50_H2_2020.pdf,SECONDARY_MIRROR_OF_SET_DOCUMENT,https://www.lhsec.co.th/uploads/userfiles/files/2020/SET50_H2_2020.pdf,HIGH,SOURCE_SNAPSHOT_REPORTED,UNREVIEWED_HISTORICAL_SECURITY_IDENTITY,Company name intentionally blank; identity continuity is out of scope.
2020_H2,2020-07-01,2020-12-31,OSP,,https://www.lhsec.co.th/uploads/userfiles/files/2020/SET50_H2_2020.pdf,SECONDARY_MIRROR_OF_SET_DOCUMENT,https://www.lhsec.co.th/uploads/userfiles/files/2020/SET50_H2_2020.pdf,HIGH,SOURCE_SNAPSHOT_REPORTED,UNREVIEWED_HISTORICAL_SECURITY_IDENTITY,Company name intentionally blank; identity continuity is out of scope.
2020_H2,2020-07-01,2020-12-31,PTT,,https://www.lhsec.co.th/uploads/userfiles/files/2020/SET50_H2_2020.pdf,SECONDARY_MIRROR_OF_SET_DOCUMENT,https://www.lhsec.co.th/uploads/userfiles/files/2020/SET50_H2_2020.pdf,HIGH,SOURCE_SNAPSHOT_REPORTED,UNREVIEWED_HISTORICAL_SECURITY_IDENTITY,Company name intentionally blank; identity continuity is out of scope.
2020_H2,2020-07-01,2020-12-31,PTTEP,,https://www.lhsec.co.th/uploads/userfiles/files/2020/SET50_H2_2020.pdf,SECONDARY_MIRROR_OF_SET_DOCUMENT,https://www.lhsec.co.th/uploads/userfiles/files/2020/SET50_H2_2020.pdf,HIGH,SOURCE_SNAPSHOT_REPORTED,UNREVIEWED_HISTORICAL_SECURITY_IDENTITY,Company name intentionally blank; identity continuity is out of scope.
2020_H2,2020-07-01,2020-12-31,PTTGC,,https://www.lhsec.co.th/uploads/userfiles/files/2020/SET50_H2_2020.pdf,SECONDARY_MIRROR_OF_SET_DOCUMENT,https://www.lhsec.co.th/uploads/userfiles/files/2020/SET50_H2_2020.pdf,HIGH,SOURCE_SNAPSHOT_REPORTED,UNREVIEWED_HISTORICAL_SECURITY_IDENTITY,Company name intentionally blank; identity continuity is out of scope.
2020_H2,2020-07-01,2020-12-31,RATCH,,https://www.lhsec.co.th/uploads/userfiles/files/2020/SET50_H2_2020.pdf,SECONDARY_MIRROR_OF_SET_DOCUMENT,https://www.lhsec.co.th/uploads/userfiles/files/2020/SET50_H2_2020.pdf,HIGH,SOURCE_SNAPSHOT_REPORTED,UNREVIEWED_HISTORICAL_SECURITY_IDENTITY,Company name intentionally blank; identity continuity is out of scope.
2020_H2,2020-07-01,2020-12-31,SAWAD,,https://www.lhsec.co.th/uploads/userfiles/files/2020/SET50_H2_2020.pdf,SECONDARY_MIRROR_OF_SET_DOCUMENT,https://www.lhsec.co.th/uploads/userfiles/files/2020/SET50_H2_2020.pdf,HIGH,SOURCE_SNAPSHOT_REPORTED,UNREVIEWED_HISTORICAL_SECURITY_IDENTITY,Company name intentionally blank; identity continuity is out of scope.
2020_H2,2020-07-01,2020-12-31,SCB,,https://www.lhsec.co.th/uploads/userfiles/files/2020/SET50_H2_2020.pdf,SECONDARY_MIRROR_OF_SET_DOCUMENT,https://www.lhsec.co.th/uploads/userfiles/files/2020/SET50_H2_2020.pdf,HIGH,SOURCE_SNAPSHOT_REPORTED,UNREVIEWED_HISTORICAL_SECURITY_IDENTITY,Company name intentionally blank; identity continuity is out of scope.
2020_H2,2020-07-01,2020-12-31,SCC,,https://www.lhsec.co.th/uploads/userfiles/files/2020/SET50_H2_2020.pdf,SECONDARY_MIRROR_OF_SET_DOCUMENT,https://www.lhsec.co.th/uploads/userfiles/files/2020/SET50_H2_2020.pdf,HIGH,SOURCE_SNAPSHOT_REPORTED,UNREVIEWED_HISTORICAL_SECURITY_IDENTITY,Company name intentionally blank; identity continuity is out of scope.
2020_H2,2020-07-01,2020-12-31,TCAP,,https://www.lhsec.co.th/uploads/userfiles/files/2020/SET50_H2_2020.pdf,SECONDARY_MIRROR_OF_SET_DOCUMENT,https://www.lhsec.co.th/uploads/userfiles/files/2020/SET50_H2_2020.pdf,HIGH,SOURCE_SNAPSHOT_REPORTED,UNREVIEWED_HISTORICAL_SECURITY_IDENTITY,Company name intentionally blank; identity continuity is out of scope.
2020_H2,2020-07-01,2020-12-31,TISCO,,https://www.lhsec.co.th/uploads/userfiles/files/2020/SET50_H2_2020.pdf,SECONDARY_MIRROR_OF_SET_DOCUMENT,https://www.lhsec.co.th/uploads/userfiles/files/2020/SET50_H2_2020.pdf,HIGH,SOURCE_SNAPSHOT_REPORTED,UNREVIEWED_HISTORICAL_SECURITY_IDENTITY,Company name intentionally blank; identity continuity is out of scope.
2020_H2,2020-07-01,2020-12-31,TMB,,https://www.lhsec.co.th/uploads/userfiles/files/2020/SET50_H2_2020.pdf,SECONDARY_MIRROR_OF_SET_DOCUMENT,https://www.lhsec.co.th/uploads/userfiles/files/2020/SET50_H2_2020.pdf,HIGH,SOURCE_SNAPSHOT_REPORTED,UNREVIEWED_HISTORICAL_SECURITY_IDENTITY,Company name intentionally blank; identity continuity is out of scope.
2020_H2,2020-07-01,2020-12-31,TOA,,https://www.lhsec.co.th/uploads/userfiles/files/2020/SET50_H2_2020.pdf,SECONDARY_MIRROR_OF_SET_DOCUMENT,https://www.lhsec.co.th/uploads/userfiles/files/2020/SET50_H2_2020.pdf,HIGH,SOURCE_SNAPSHOT_REPORTED,UNREVIEWED_HISTORICAL_SECURITY_IDENTITY,Company name intentionally blank; identity continuity is out of scope.
2020_H2,2020-07-01,2020-12-31,TOP,,https://www.lhsec.co.th/uploads/userfiles/files/2020/SET50_H2_2020.pdf,SECONDARY_MIRROR_OF_SET_DOCUMENT,https://www.lhsec.co.th/uploads/userfiles/files/2020/SET50_H2_2020.pdf,HIGH,SOURCE_SNAPSHOT_REPORTED,UNREVIEWED_HISTORICAL_SECURITY_IDENTITY,Company name intentionally blank; identity continuity is out of scope.
2020_H2,2020-07-01,2020-12-31,TRUE,,https://www.lhsec.co.th/uploads/userfiles/files/2020/SET50_H2_2020.pdf,SECONDARY_MIRROR_OF_SET_DOCUMENT,https://www.lhsec.co.th/uploads/userfiles/files/2020/SET50_H2_2020.pdf,HIGH,SOURCE_SNAPSHOT_REPORTED,UNREVIEWED_HISTORICAL_SECURITY_IDENTITY,Company name intentionally blank; identity continuity is out of scope.
2020_H2,2020-07-01,2020-12-31,TTW,,https://www.lhsec.co.th/uploads/userfiles/files/2020/SET50_H2_2020.pdf,SECONDARY_MIRROR_OF_SET_DOCUMENT,https://www.lhsec.co.th/uploads/userfiles/files/2020/SET50_H2_2020.pdf,HIGH,SOURCE_SNAPSHOT_REPORTED,UNREVIEWED_HISTORICAL_SECURITY_IDENTITY,Company name intentionally blank; identity continuity is out of scope.
2020_H2,2020-07-01,2020-12-31,TU,,https://www.lhsec.co.th/uploads/userfiles/files/2020/SET50_H2_2020.pdf,SECONDARY_MIRROR_OF_SET_DOCUMENT,https://www.lhsec.co.th/uploads/userfiles/files/2020/SET50_H2_2020.pdf,HIGH,SOURCE_SNAPSHOT_REPORTED,UNREVIEWED_HISTORICAL_SECURITY_IDENTITY,Company name intentionally blank; identity continuity is out of scope.
2020_H2,2020-07-01,2020-12-31,VGI,,https://www.lhsec.co.th/uploads/userfiles/files/2020/SET50_H2_2020.pdf,SECONDARY_MIRROR_OF_SET_DOCUMENT,https://www.lhsec.co.th/uploads/userfiles/files/2020/SET50_H2_2020.pdf,HIGH,SOURCE_SNAPSHOT_REPORTED,UNREVIEWED_HISTORICAL_SECURITY_IDENTITY,Company name intentionally blank; identity continuity is out of scope.
2020_H2,2020-07-01,2020-12-31,WHA,,https://www.lhsec.co.th/uploads/userfiles/files/2020/SET50_H2_2020.pdf,SECONDARY_MIRROR_OF_SET_DOCUMENT,https://www.lhsec.co.th/uploads/userfiles/files/2020/SET50_H2_2020.pdf,HIGH,SOURCE_SNAPSHOT_REPORTED,UNREVIEWED_HISTORICAL_SECURITY_IDENTITY,Company name intentionally blank; identity continuity is out of scope.
2021_H2,2021-07-01,2021-12-31,ADVANC,,https://investor.aapico.com/storage/updates/press-releases/2021/06/20210625-ah-news-en.pdf,SECONDARY_MIRROR_OF_SET_DOCUMENT,https://investor.aapico.com/storage/updates/press-releases/2021/06/20210625-ah-news-en.pdf,HIGH,SOURCE_SNAPSHOT_REPORTED,UNREVIEWED_HISTORICAL_SECURITY_IDENTITY,Company name intentionally blank; identity continuity is out of scope.
2021_H2,2021-07-01,2021-12-31,AOT,,https://investor.aapico.com/storage/updates/press-releases/2021/06/20210625-ah-news-en.pdf,SECONDARY_MIRROR_OF_SET_DOCUMENT,https://investor.aapico.com/storage/updates/press-releases/2021/06/20210625-ah-news-en.pdf,HIGH,SOURCE_SNAPSHOT_REPORTED,UNREVIEWED_HISTORICAL_SECURITY_IDENTITY,Company name intentionally blank; identity continuity is out of scope.
2021_H2,2021-07-01,2021-12-31,BBL,,https://investor.aapico.com/storage/updates/press-releases/2021/06/20210625-ah-news-en.pdf,SECONDARY_MIRROR_OF_SET_DOCUMENT,https://investor.aapico.com/storage/updates/press-releases/2021/06/20210625-ah-news-en.pdf,HIGH,SOURCE_SNAPSHOT_REPORTED,UNREVIEWED_HISTORICAL_SECURITY_IDENTITY,Company name intentionally blank; identity continuity is out of scope.
2021_H2,2021-07-01,2021-12-31,BDMS,,https://investor.aapico.com/storage/updates/press-releases/2021/06/20210625-ah-news-en.pdf,SECONDARY_MIRROR_OF_SET_DOCUMENT,https://investor.aapico.com/storage/updates/press-releases/2021/06/20210625-ah-news-en.pdf,HIGH,SOURCE_SNAPSHOT_REPORTED,UNREVIEWED_HISTORICAL_SECURITY_IDENTITY,Company name intentionally blank; identity continuity is out of scope.
2021_H2,2021-07-01,2021-12-31,BEM,,https://investor.aapico.com/storage/updates/press-releases/2021/06/20210625-ah-news-en.pdf,SECONDARY_MIRROR_OF_SET_DOCUMENT,https://investor.aapico.com/storage/updates/press-releases/2021/06/20210625-ah-news-en.pdf,HIGH,SOURCE_SNAPSHOT_REPORTED,UNREVIEWED_HISTORICAL_SECURITY_IDENTITY,Company name intentionally blank; identity continuity is out of scope.
2021_H2,2021-07-01,2021-12-31,BGRIM,,https://investor.aapico.com/storage/updates/press-releases/2021/06/20210625-ah-news-en.pdf,SECONDARY_MIRROR_OF_SET_DOCUMENT,https://investor.aapico.com/storage/updates/press-releases/2021/06/20210625-ah-news-en.pdf,HIGH,SOURCE_SNAPSHOT_REPORTED,UNREVIEWED_HISTORICAL_SECURITY_IDENTITY,Company name intentionally blank; identity continuity is out of scope.
2021_H2,2021-07-01,2021-12-31,BH,,https://investor.aapico.com/storage/updates/press-releases/2021/06/20210625-ah-news-en.pdf,SECONDARY_MIRROR_OF_SET_DOCUMENT,https://investor.aapico.com/storage/updates/press-releases/2021/06/20210625-ah-news-en.pdf,HIGH,SOURCE_SNAPSHOT_REPORTED,UNREVIEWED_HISTORICAL_SECURITY_IDENTITY,Company name intentionally blank; identity continuity is out of scope.
2021_H2,2021-07-01,2021-12-31,BJC,,https://investor.aapico.com/storage/updates/press-releases/2021/06/20210625-ah-news-en.pdf,SECONDARY_MIRROR_OF_SET_DOCUMENT,https://investor.aapico.com/storage/updates/press-releases/2021/06/20210625-ah-news-en.pdf,HIGH,SOURCE_SNAPSHOT_REPORTED,UNREVIEWED_HISTORICAL_SECURITY_IDENTITY,Company name intentionally blank; identity continuity is out of scope.
2021_H2,2021-07-01,2021-12-31,BTS,,https://investor.aapico.com/storage/updates/press-releases/2021/06/20210625-ah-news-en.pdf,SECONDARY_MIRROR_OF_SET_DOCUMENT,https://investor.aapico.com/storage/updates/press-releases/2021/06/20210625-ah-news-en.pdf,HIGH,SOURCE_SNAPSHOT_REPORTED,UNREVIEWED_HISTORICAL_SECURITY_IDENTITY,Company name intentionally blank; identity continuity is out of scope.
2021_H2,2021-07-01,2021-12-31,CBG,,https://investor.aapico.com/storage/updates/press-releases/2021/06/20210625-ah-news-en.pdf,SECONDARY_MIRROR_OF_SET_DOCUMENT,https://investor.aapico.com/storage/updates/press-releases/2021/06/20210625-ah-news-en.pdf,HIGH,SOURCE_SNAPSHOT_REPORTED,UNREVIEWED_HISTORICAL_SECURITY_IDENTITY,Company name intentionally blank; identity continuity is out of scope.
2021_H2,2021-07-01,2021-12-31,COM7,,https://investor.aapico.com/storage/updates/press-releases/2021/06/20210625-ah-news-en.pdf,SECONDARY_MIRROR_OF_SET_DOCUMENT,https://investor.aapico.com/storage/updates/press-releases/2021/06/20210625-ah-news-en.pdf,HIGH,SOURCE_SNAPSHOT_REPORTED,UNREVIEWED_HISTORICAL_SECURITY_IDENTITY,Company name intentionally blank; identity continuity is out of scope.
2021_H2,2021-07-01,2021-12-31,CPALL,,https://investor.aapico.com/storage/updates/press-releases/2021/06/20210625-ah-news-en.pdf,SECONDARY_MIRROR_OF_SET_DOCUMENT,https://investor.aapico.com/storage/updates/press-releases/2021/06/20210625-ah-news-en.pdf,HIGH,SOURCE_SNAPSHOT_REPORTED,UNREVIEWED_HISTORICAL_SECURITY_IDENTITY,Company name intentionally blank; identity continuity is out of scope.
2021_H2,2021-07-01,2021-12-31,CPF,,https://investor.aapico.com/storage/updates/press-releases/2021/06/20210625-ah-news-en.pdf,SECONDARY_MIRROR_OF_SET_DOCUMENT,https://investor.aapico.com/storage/updates/press-releases/2021/06/20210625-ah-news-en.pdf,HIGH,SOURCE_SNAPSHOT_REPORTED,UNREVIEWED_HISTORICAL_SECURITY_IDENTITY,Company name intentionally blank; identity continuity is out of scope.
2021_H2,2021-07-01,2021-12-31,CPN,,https://investor.aapico.com/storage/updates/press-releases/2021/06/20210625-ah-news-en.pdf,SECONDARY_MIRROR_OF_SET_DOCUMENT,https://investor.aapico.com/storage/updates/press-releases/2021/06/20210625-ah-news-en.pdf,HIGH,SOURCE_SNAPSHOT_REPORTED,UNREVIEWED_HISTORICAL_SECURITY_IDENTITY,Company name intentionally blank; identity continuity is out of scope.
2021_H2,2021-07-01,2021-12-31,CRC,,https://investor.aapico.com/storage/updates/press-releases/2021/06/20210625-ah-news-en.pdf,SECONDARY_MIRROR_OF_SET_DOCUMENT,https://investor.aapico.com/storage/updates/press-releases/2021/06/20210625-ah-news-en.pdf,HIGH,SOURCE_SNAPSHOT_REPORTED,UNREVIEWED_HISTORICAL_SECURITY_IDENTITY,Company name intentionally blank; identity continuity is out of scope.
2021_H2,2021-07-01,2021-12-31,DELTA,,https://investor.aapico.com/storage/updates/press-releases/2021/06/20210625-ah-news-en.pdf,SECONDARY_MIRROR_OF_SET_DOCUMENT,https://investor.aapico.com/storage/updates/press-releases/2021/06/20210625-ah-news-en.pdf,HIGH,SOURCE_SNAPSHOT_REPORTED,UNREVIEWED_HISTORICAL_SECURITY_IDENTITY,Company name intentionally blank; identity continuity is out of scope.
2021_H2,2021-07-01,2021-12-31,DTAC,,https://investor.aapico.com/storage/updates/press-releases/2021/06/20210625-ah-news-en.pdf,SECONDARY_MIRROR_OF_SET_DOCUMENT,https://investor.aapico.com/storage/updates/press-releases/2021/06/20210625-ah-news-en.pdf,HIGH,SOURCE_SNAPSHOT_REPORTED,UNREVIEWED_HISTORICAL_SECURITY_IDENTITY,Company name intentionally blank; identity continuity is out of scope.
2021_H2,2021-07-01,2021-12-31,EA,,https://investor.aapico.com/storage/updates/press-releases/2021/06/20210625-ah-news-en.pdf,SECONDARY_MIRROR_OF_SET_DOCUMENT,https://investor.aapico.com/storage/updates/press-releases/2021/06/20210625-ah-news-en.pdf,HIGH,SOURCE_SNAPSHOT_REPORTED,UNREVIEWED_HISTORICAL_SECURITY_IDENTITY,Company name intentionally blank; identity continuity is out of scope.
2021_H2,2021-07-01,2021-12-31,EGCO,,https://investor.aapico.com/storage/updates/press-releases/2021/06/20210625-ah-news-en.pdf,SECONDARY_MIRROR_OF_SET_DOCUMENT,https://investor.aapico.com/storage/updates/press-releases/2021/06/20210625-ah-news-en.pdf,HIGH,SOURCE_SNAPSHOT_REPORTED,UNREVIEWED_HISTORICAL_SECURITY_IDENTITY,Company name intentionally blank; identity continuity is out of scope.
2021_H2,2021-07-01,2021-12-31,GLOBAL,,https://investor.aapico.com/storage/updates/press-releases/2021/06/20210625-ah-news-en.pdf,SECONDARY_MIRROR_OF_SET_DOCUMENT,https://investor.aapico.com/storage/updates/press-releases/2021/06/20210625-ah-news-en.pdf,HIGH,SOURCE_SNAPSHOT_REPORTED,UNREVIEWED_HISTORICAL_SECURITY_IDENTITY,Company name intentionally blank; identity continuity is out of scope.
2021_H2,2021-07-01,2021-12-31,GPSC,,https://investor.aapico.com/storage/updates/press-releases/2021/06/20210625-ah-news-en.pdf,SECONDARY_MIRROR_OF_SET_DOCUMENT,https://investor.aapico.com/storage/updates/press-releases/2021/06/20210625-ah-news-en.pdf,HIGH,SOURCE_SNAPSHOT_REPORTED,UNREVIEWED_HISTORICAL_SECURITY_IDENTITY,Company name intentionally blank; identity continuity is out of scope.
2021_H2,2021-07-01,2021-12-31,GULF,,https://investor.aapico.com/storage/updates/press-releases/2021/06/20210625-ah-news-en.pdf,SECONDARY_MIRROR_OF_SET_DOCUMENT,https://investor.aapico.com/storage/updates/press-releases/2021/06/20210625-ah-news-en.pdf,HIGH,SOURCE_SNAPSHOT_REPORTED,UNREVIEWED_HISTORICAL_SECURITY_IDENTITY,Company name intentionally blank; identity continuity is out of scope.
2021_H2,2021-07-01,2021-12-31,HMPRO,,https://investor.aapico.com/storage/updates/press-releases/2021/06/20210625-ah-news-en.pdf,SECONDARY_MIRROR_OF_SET_DOCUMENT,https://investor.aapico.com/storage/updates/press-releases/2021/06/20210625-ah-news-en.pdf,HIGH,SOURCE_SNAPSHOT_REPORTED,UNREVIEWED_HISTORICAL_SECURITY_IDENTITY,Company name intentionally blank; identity continuity is out of scope.
2021_H2,2021-07-01,2021-12-31,INTUCH,,https://investor.aapico.com/storage/updates/press-releases/2021/06/20210625-ah-news-en.pdf,SECONDARY_MIRROR_OF_SET_DOCUMENT,https://investor.aapico.com/storage/updates/press-releases/2021/06/20210625-ah-news-en.pdf,HIGH,SOURCE_SNAPSHOT_REPORTED,UNREVIEWED_HISTORICAL_SECURITY_IDENTITY,Company name intentionally blank; identity continuity is out of scope.
2021_H2,2021-07-01,2021-12-31,IRPC,,https://investor.aapico.com/storage/updates/press-releases/2021/06/20210625-ah-news-en.pdf,SECONDARY_MIRROR_OF_SET_DOCUMENT,https://investor.aapico.com/storage/updates/press-releases/2021/06/20210625-ah-news-en.pdf,HIGH,SOURCE_SNAPSHOT_REPORTED,UNREVIEWED_HISTORICAL_SECURITY_IDENTITY,Company name intentionally blank; identity continuity is out of scope.
2021_H2,2021-07-01,2021-12-31,IVL,,https://investor.aapico.com/storage/updates/press-releases/2021/06/20210625-ah-news-en.pdf,SECONDARY_MIRROR_OF_SET_DOCUMENT,https://investor.aapico.com/storage/updates/press-releases/2021/06/20210625-ah-news-en.pdf,HIGH,SOURCE_SNAPSHOT_REPORTED,UNREVIEWED_HISTORICAL_SECURITY_IDENTITY,Company name intentionally blank; identity continuity is out of scope.
2021_H2,2021-07-01,2021-12-31,KBANK,,https://investor.aapico.com/storage/updates/press-releases/2021/06/20210625-ah-news-en.pdf,SECONDARY_MIRROR_OF_SET_DOCUMENT,https://investor.aapico.com/storage/updates/press-releases/2021/06/20210625-ah-news-en.pdf,HIGH,SOURCE_SNAPSHOT_REPORTED,UNREVIEWED_HISTORICAL_SECURITY_IDENTITY,Company name intentionally blank; identity continuity is out of scope.
2021_H2,2021-07-01,2021-12-31,KCE,,https://investor.aapico.com/storage/updates/press-releases/2021/06/20210625-ah-news-en.pdf,SECONDARY_MIRROR_OF_SET_DOCUMENT,https://investor.aapico.com/storage/updates/press-releases/2021/06/20210625-ah-news-en.pdf,HIGH,SOURCE_SNAPSHOT_REPORTED,UNREVIEWED_HISTORICAL_SECURITY_IDENTITY,Company name intentionally blank; identity continuity is out of scope.
2021_H2,2021-07-01,2021-12-31,KTB,,https://investor.aapico.com/storage/updates/press-releases/2021/06/20210625-ah-news-en.pdf,SECONDARY_MIRROR_OF_SET_DOCUMENT,https://investor.aapico.com/storage/updates/press-releases/2021/06/20210625-ah-news-en.pdf,HIGH,SOURCE_SNAPSHOT_REPORTED,UNREVIEWED_HISTORICAL_SECURITY_IDENTITY,Company name intentionally blank; identity continuity is out of scope.
2021_H2,2021-07-01,2021-12-31,KTC,,https://investor.aapico.com/storage/updates/press-releases/2021/06/20210625-ah-news-en.pdf,SECONDARY_MIRROR_OF_SET_DOCUMENT,https://investor.aapico.com/storage/updates/press-releases/2021/06/20210625-ah-news-en.pdf,HIGH,SOURCE_SNAPSHOT_REPORTED,UNREVIEWED_HISTORICAL_SECURITY_IDENTITY,Company name intentionally blank; identity continuity is out of scope.
2021_H2,2021-07-01,2021-12-31,LH,,https://investor.aapico.com/storage/updates/press-releases/2021/06/20210625-ah-news-en.pdf,SECONDARY_MIRROR_OF_SET_DOCUMENT,https://investor.aapico.com/storage/updates/press-releases/2021/06/20210625-ah-news-en.pdf,HIGH,SOURCE_SNAPSHOT_REPORTED,UNREVIEWED_HISTORICAL_SECURITY_IDENTITY,Company name intentionally blank; identity continuity is out of scope.
2021_H2,2021-07-01,2021-12-31,MINT,,https://investor.aapico.com/storage/updates/press-releases/2021/06/20210625-ah-news-en.pdf,SECONDARY_MIRROR_OF_SET_DOCUMENT,https://investor.aapico.com/storage/updates/press-releases/2021/06/20210625-ah-news-en.pdf,HIGH,SOURCE_SNAPSHOT_REPORTED,UNREVIEWED_HISTORICAL_SECURITY_IDENTITY,Company name intentionally blank; identity continuity is out of scope.
2021_H2,2021-07-01,2021-12-31,MTC,,https://investor.aapico.com/storage/updates/press-releases/2021/06/20210625-ah-news-en.pdf,SECONDARY_MIRROR_OF_SET_DOCUMENT,https://investor.aapico.com/storage/updates/press-releases/2021/06/20210625-ah-news-en.pdf,HIGH,SOURCE_SNAPSHOT_REPORTED,UNREVIEWED_HISTORICAL_SECURITY_IDENTITY,Company name intentionally blank; identity continuity is out of scope.
2021_H2,2021-07-01,2021-12-31,OR,,https://investor.aapico.com/storage/updates/press-releases/2021/06/20210625-ah-news-en.pdf,SECONDARY_MIRROR_OF_SET_DOCUMENT,https://investor.aapico.com/storage/updates/press-releases/2021/06/20210625-ah-news-en.pdf,HIGH,SOURCE_SNAPSHOT_REPORTED,UNREVIEWED_HISTORICAL_SECURITY_IDENTITY,Company name intentionally blank; identity continuity is out of scope.
2021_H2,2021-07-01,2021-12-31,OSP,,https://investor.aapico.com/storage/updates/press-releases/2021/06/20210625-ah-news-en.pdf,SECONDARY_MIRROR_OF_SET_DOCUMENT,https://investor.aapico.com/storage/updates/press-releases/2021/06/20210625-ah-news-en.pdf,HIGH,SOURCE_SNAPSHOT_REPORTED,UNREVIEWED_HISTORICAL_SECURITY_IDENTITY,Company name intentionally blank; identity continuity is out of scope.
2021_H2,2021-07-01,2021-12-31,PTT,,https://investor.aapico.com/storage/updates/press-releases/2021/06/20210625-ah-news-en.pdf,SECONDARY_MIRROR_OF_SET_DOCUMENT,https://investor.aapico.com/storage/updates/press-releases/2021/06/20210625-ah-news-en.pdf,HIGH,SOURCE_SNAPSHOT_REPORTED,UNREVIEWED_HISTORICAL_SECURITY_IDENTITY,Company name intentionally blank; identity continuity is out of scope.
2021_H2,2021-07-01,2021-12-31,PTTEP,,https://investor.aapico.com/storage/updates/press-releases/2021/06/20210625-ah-news-en.pdf,SECONDARY_MIRROR_OF_SET_DOCUMENT,https://investor.aapico.com/storage/updates/press-releases/2021/06/20210625-ah-news-en.pdf,HIGH,SOURCE_SNAPSHOT_REPORTED,UNREVIEWED_HISTORICAL_SECURITY_IDENTITY,Company name intentionally blank; identity continuity is out of scope.
2021_H2,2021-07-01,2021-12-31,PTTGC,,https://investor.aapico.com/storage/updates/press-releases/2021/06/20210625-ah-news-en.pdf,SECONDARY_MIRROR_OF_SET_DOCUMENT,https://investor.aapico.com/storage/updates/press-releases/2021/06/20210625-ah-news-en.pdf,HIGH,SOURCE_SNAPSHOT_REPORTED,UNREVIEWED_HISTORICAL_SECURITY_IDENTITY,Company name intentionally blank; identity continuity is out of scope.
2021_H2,2021-07-01,2021-12-31,RATCH,,https://investor.aapico.com/storage/updates/press-releases/2021/06/20210625-ah-news-en.pdf,SECONDARY_MIRROR_OF_SET_DOCUMENT,https://investor.aapico.com/storage/updates/press-releases/2021/06/20210625-ah-news-en.pdf,HIGH,SOURCE_SNAPSHOT_REPORTED,UNREVIEWED_HISTORICAL_SECURITY_IDENTITY,Company name intentionally blank; identity continuity is out of scope.
2021_H2,2021-07-01,2021-12-31,SAWAD,,https://investor.aapico.com/storage/updates/press-releases/2021/06/20210625-ah-news-en.pdf,SECONDARY_MIRROR_OF_SET_DOCUMENT,https://investor.aapico.com/storage/updates/press-releases/2021/06/20210625-ah-news-en.pdf,HIGH,SOURCE_SNAPSHOT_REPORTED,UNREVIEWED_HISTORICAL_SECURITY_IDENTITY,Company name intentionally blank; identity continuity is out of scope.
2021_H2,2021-07-01,2021-12-31,SCB,,https://investor.aapico.com/storage/updates/press-releases/2021/06/20210625-ah-news-en.pdf,SECONDARY_MIRROR_OF_SET_DOCUMENT,https://investor.aapico.com/storage/updates/press-releases/2021/06/20210625-ah-news-en.pdf,HIGH,SOURCE_SNAPSHOT_REPORTED,UNREVIEWED_HISTORICAL_SECURITY_IDENTITY,Company name intentionally blank; identity continuity is out of scope.
2021_H2,2021-07-01,2021-12-31,SCC,,https://investor.aapico.com/storage/updates/press-releases/2021/06/20210625-ah-news-en.pdf,SECONDARY_MIRROR_OF_SET_DOCUMENT,https://investor.aapico.com/storage/updates/press-releases/2021/06/20210625-ah-news-en.pdf,HIGH,SOURCE_SNAPSHOT_REPORTED,UNREVIEWED_HISTORICAL_SECURITY_IDENTITY,Company name intentionally blank; identity continuity is out of scope.
2021_H2,2021-07-01,2021-12-31,SCGP,,https://investor.aapico.com/storage/updates/press-releases/2021/06/20210625-ah-news-en.pdf,SECONDARY_MIRROR_OF_SET_DOCUMENT,https://investor.aapico.com/storage/updates/press-releases/2021/06/20210625-ah-news-en.pdf,HIGH,SOURCE_SNAPSHOT_REPORTED,UNREVIEWED_HISTORICAL_SECURITY_IDENTITY,Company name intentionally blank; identity continuity is out of scope.
2021_H2,2021-07-01,2021-12-31,STA,,https://investor.aapico.com/storage/updates/press-releases/2021/06/20210625-ah-news-en.pdf,SECONDARY_MIRROR_OF_SET_DOCUMENT,https://investor.aapico.com/storage/updates/press-releases/2021/06/20210625-ah-news-en.pdf,HIGH,SOURCE_SNAPSHOT_REPORTED,UNREVIEWED_HISTORICAL_SECURITY_IDENTITY,Company name intentionally blank; identity continuity is out of scope.
2021_H2,2021-07-01,2021-12-31,STGT,,https://investor.aapico.com/storage/updates/press-releases/2021/06/20210625-ah-news-en.pdf,SECONDARY_MIRROR_OF_SET_DOCUMENT,https://investor.aapico.com/storage/updates/press-releases/2021/06/20210625-ah-news-en.pdf,HIGH,SOURCE_SNAPSHOT_REPORTED,UNREVIEWED_HISTORICAL_SECURITY_IDENTITY,Company name intentionally blank; identity continuity is out of scope.
2021_H2,2021-07-01,2021-12-31,TISCO,,https://investor.aapico.com/storage/updates/press-releases/2021/06/20210625-ah-news-en.pdf,SECONDARY_MIRROR_OF_SET_DOCUMENT,https://investor.aapico.com/storage/updates/press-releases/2021/06/20210625-ah-news-en.pdf,HIGH,SOURCE_SNAPSHOT_REPORTED,UNREVIEWED_HISTORICAL_SECURITY_IDENTITY,Company name intentionally blank; identity continuity is out of scope.
2021_H2,2021-07-01,2021-12-31,TOP,,https://investor.aapico.com/storage/updates/press-releases/2021/06/20210625-ah-news-en.pdf,SECONDARY_MIRROR_OF_SET_DOCUMENT,https://investor.aapico.com/storage/updates/press-releases/2021/06/20210625-ah-news-en.pdf,HIGH,SOURCE_SNAPSHOT_REPORTED,UNREVIEWED_HISTORICAL_SECURITY_IDENTITY,Company name intentionally blank; identity continuity is out of scope.
2021_H2,2021-07-01,2021-12-31,TRUE,,https://investor.aapico.com/storage/updates/press-releases/2021/06/20210625-ah-news-en.pdf,SECONDARY_MIRROR_OF_SET_DOCUMENT,https://investor.aapico.com/storage/updates/press-releases/2021/06/20210625-ah-news-en.pdf,HIGH,SOURCE_SNAPSHOT_REPORTED,UNREVIEWED_HISTORICAL_SECURITY_IDENTITY,Company name intentionally blank; identity continuity is out of scope.
2021_H2,2021-07-01,2021-12-31,TTB,,https://investor.aapico.com/storage/updates/press-releases/2021/06/20210625-ah-news-en.pdf,SECONDARY_MIRROR_OF_SET_DOCUMENT,https://investor.aapico.com/storage/updates/press-releases/2021/06/20210625-ah-news-en.pdf,HIGH,SOURCE_SNAPSHOT_REPORTED,UNREVIEWED_HISTORICAL_SECURITY_IDENTITY,Company name intentionally blank; identity continuity is out of scope.
2021_H2,2021-07-01,2021-12-31,TU,,https://investor.aapico.com/storage/updates/press-releases/2021/06/20210625-ah-news-en.pdf,SECONDARY_MIRROR_OF_SET_DOCUMENT,https://investor.aapico.com/storage/updates/press-releases/2021/06/20210625-ah-news-en.pdf,HIGH,SOURCE_SNAPSHOT_REPORTED,UNREVIEWED_HISTORICAL_SECURITY_IDENTITY,Company name intentionally blank; identity continuity is out of scope.
2022_H1,2022-01-01,2022-06-30,ADVANC,,https://www.lhsec.co.th/uploads/userfiles/files/2022/SET50_H1_2022.pdf,SECONDARY_MIRROR_OF_SET_DOCUMENT,https://www.lhsec.co.th/uploads/userfiles/files/2022/SET50_H1_2022.pdf,HIGH,SOURCE_SNAPSHOT_REPORTED,UNREVIEWED_HISTORICAL_SECURITY_IDENTITY,Company name intentionally blank; identity continuity is out of scope.
2022_H1,2022-01-01,2022-06-30,AOT,,https://www.lhsec.co.th/uploads/userfiles/files/2022/SET50_H1_2022.pdf,SECONDARY_MIRROR_OF_SET_DOCUMENT,https://www.lhsec.co.th/uploads/userfiles/files/2022/SET50_H1_2022.pdf,HIGH,SOURCE_SNAPSHOT_REPORTED,UNREVIEWED_HISTORICAL_SECURITY_IDENTITY,Company name intentionally blank; identity continuity is out of scope.
2022_H1,2022-01-01,2022-06-30,AWC,,https://www.lhsec.co.th/uploads/userfiles/files/2022/SET50_H1_2022.pdf,SECONDARY_MIRROR_OF_SET_DOCUMENT,https://www.lhsec.co.th/uploads/userfiles/files/2022/SET50_H1_2022.pdf,HIGH,SOURCE_SNAPSHOT_REPORTED,UNREVIEWED_HISTORICAL_SECURITY_IDENTITY,Company name intentionally blank; identity continuity is out of scope.
2022_H1,2022-01-01,2022-06-30,BANPU,,https://www.lhsec.co.th/uploads/userfiles/files/2022/SET50_H1_2022.pdf,SECONDARY_MIRROR_OF_SET_DOCUMENT,https://www.lhsec.co.th/uploads/userfiles/files/2022/SET50_H1_2022.pdf,HIGH,SOURCE_SNAPSHOT_REPORTED,UNREVIEWED_HISTORICAL_SECURITY_IDENTITY,Company name intentionally blank; identity continuity is out of scope.
2022_H1,2022-01-01,2022-06-30,BBL,,https://www.lhsec.co.th/uploads/userfiles/files/2022/SET50_H1_2022.pdf,SECONDARY_MIRROR_OF_SET_DOCUMENT,https://www.lhsec.co.th/uploads/userfiles/files/2022/SET50_H1_2022.pdf,HIGH,SOURCE_SNAPSHOT_REPORTED,UNREVIEWED_HISTORICAL_SECURITY_IDENTITY,Company name intentionally blank; identity continuity is out of scope.
2022_H1,2022-01-01,2022-06-30,BDMS,,https://www.lhsec.co.th/uploads/userfiles/files/2022/SET50_H1_2022.pdf,SECONDARY_MIRROR_OF_SET_DOCUMENT,https://www.lhsec.co.th/uploads/userfiles/files/2022/SET50_H1_2022.pdf,HIGH,SOURCE_SNAPSHOT_REPORTED,UNREVIEWED_HISTORICAL_SECURITY_IDENTITY,Company name intentionally blank; identity continuity is out of scope.
2022_H1,2022-01-01,2022-06-30,BEM,,https://www.lhsec.co.th/uploads/userfiles/files/2022/SET50_H1_2022.pdf,SECONDARY_MIRROR_OF_SET_DOCUMENT,https://www.lhsec.co.th/uploads/userfiles/files/2022/SET50_H1_2022.pdf,HIGH,SOURCE_SNAPSHOT_REPORTED,UNREVIEWED_HISTORICAL_SECURITY_IDENTITY,Company name intentionally blank; identity continuity is out of scope.
2022_H1,2022-01-01,2022-06-30,BGRIM,,https://www.lhsec.co.th/uploads/userfiles/files/2022/SET50_H1_2022.pdf,SECONDARY_MIRROR_OF_SET_DOCUMENT,https://www.lhsec.co.th/uploads/userfiles/files/2022/SET50_H1_2022.pdf,HIGH,SOURCE_SNAPSHOT_REPORTED,UNREVIEWED_HISTORICAL_SECURITY_IDENTITY,Company name intentionally blank; identity continuity is out of scope.
2022_H1,2022-01-01,2022-06-30,BH,,https://www.lhsec.co.th/uploads/userfiles/files/2022/SET50_H1_2022.pdf,SECONDARY_MIRROR_OF_SET_DOCUMENT,https://www.lhsec.co.th/uploads/userfiles/files/2022/SET50_H1_2022.pdf,HIGH,SOURCE_SNAPSHOT_REPORTED,UNREVIEWED_HISTORICAL_SECURITY_IDENTITY,Company name intentionally blank; identity continuity is out of scope.
2022_H1,2022-01-01,2022-06-30,BTS,,https://www.lhsec.co.th/uploads/userfiles/files/2022/SET50_H1_2022.pdf,SECONDARY_MIRROR_OF_SET_DOCUMENT,https://www.lhsec.co.th/uploads/userfiles/files/2022/SET50_H1_2022.pdf,HIGH,SOURCE_SNAPSHOT_REPORTED,UNREVIEWED_HISTORICAL_SECURITY_IDENTITY,Company name intentionally blank; identity continuity is out of scope.
2022_H1,2022-01-01,2022-06-30,CBG,,https://www.lhsec.co.th/uploads/userfiles/files/2022/SET50_H1_2022.pdf,SECONDARY_MIRROR_OF_SET_DOCUMENT,https://www.lhsec.co.th/uploads/userfiles/files/2022/SET50_H1_2022.pdf,HIGH,SOURCE_SNAPSHOT_REPORTED,UNREVIEWED_HISTORICAL_SECURITY_IDENTITY,Company name intentionally blank; identity continuity is out of scope.
2022_H1,2022-01-01,2022-06-30,COM7,,https://www.lhsec.co.th/uploads/userfiles/files/2022/SET50_H1_2022.pdf,SECONDARY_MIRROR_OF_SET_DOCUMENT,https://www.lhsec.co.th/uploads/userfiles/files/2022/SET50_H1_2022.pdf,HIGH,SOURCE_SNAPSHOT_REPORTED,UNREVIEWED_HISTORICAL_SECURITY_IDENTITY,Company name intentionally blank; identity continuity is out of scope.
2022_H1,2022-01-01,2022-06-30,CPALL,,https://www.lhsec.co.th/uploads/userfiles/files/2022/SET50_H1_2022.pdf,SECONDARY_MIRROR_OF_SET_DOCUMENT,https://www.lhsec.co.th/uploads/userfiles/files/2022/SET50_H1_2022.pdf,HIGH,SOURCE_SNAPSHOT_REPORTED,UNREVIEWED_HISTORICAL_SECURITY_IDENTITY,Company name intentionally blank; identity continuity is out of scope.
2022_H1,2022-01-01,2022-06-30,CPF,,https://www.lhsec.co.th/uploads/userfiles/files/2022/SET50_H1_2022.pdf,SECONDARY_MIRROR_OF_SET_DOCUMENT,https://www.lhsec.co.th/uploads/userfiles/files/2022/SET50_H1_2022.pdf,HIGH,SOURCE_SNAPSHOT_REPORTED,UNREVIEWED_HISTORICAL_SECURITY_IDENTITY,Company name intentionally blank; identity continuity is out of scope.
2022_H1,2022-01-01,2022-06-30,CPN,,https://www.lhsec.co.th/uploads/userfiles/files/2022/SET50_H1_2022.pdf,SECONDARY_MIRROR_OF_SET_DOCUMENT,https://www.lhsec.co.th/uploads/userfiles/files/2022/SET50_H1_2022.pdf,HIGH,SOURCE_SNAPSHOT_REPORTED,UNREVIEWED_HISTORICAL_SECURITY_IDENTITY,Company name intentionally blank; identity continuity is out of scope.
2022_H1,2022-01-01,2022-06-30,CRC,,https://www.lhsec.co.th/uploads/userfiles/files/2022/SET50_H1_2022.pdf,SECONDARY_MIRROR_OF_SET_DOCUMENT,https://www.lhsec.co.th/uploads/userfiles/files/2022/SET50_H1_2022.pdf,HIGH,SOURCE_SNAPSHOT_REPORTED,UNREVIEWED_HISTORICAL_SECURITY_IDENTITY,Company name intentionally blank; identity continuity is out of scope.
2022_H1,2022-01-01,2022-06-30,DTAC,,https://www.lhsec.co.th/uploads/userfiles/files/2022/SET50_H1_2022.pdf,SECONDARY_MIRROR_OF_SET_DOCUMENT,https://www.lhsec.co.th/uploads/userfiles/files/2022/SET50_H1_2022.pdf,HIGH,SOURCE_SNAPSHOT_REPORTED,UNREVIEWED_HISTORICAL_SECURITY_IDENTITY,Company name intentionally blank; identity continuity is out of scope.
2022_H1,2022-01-01,2022-06-30,EA,,https://www.lhsec.co.th/uploads/userfiles/files/2022/SET50_H1_2022.pdf,SECONDARY_MIRROR_OF_SET_DOCUMENT,https://www.lhsec.co.th/uploads/userfiles/files/2022/SET50_H1_2022.pdf,HIGH,SOURCE_SNAPSHOT_REPORTED,UNREVIEWED_HISTORICAL_SECURITY_IDENTITY,Company name intentionally blank; identity continuity is out of scope.
2022_H1,2022-01-01,2022-06-30,EGCO,,https://www.lhsec.co.th/uploads/userfiles/files/2022/SET50_H1_2022.pdf,SECONDARY_MIRROR_OF_SET_DOCUMENT,https://www.lhsec.co.th/uploads/userfiles/files/2022/SET50_H1_2022.pdf,HIGH,SOURCE_SNAPSHOT_REPORTED,UNREVIEWED_HISTORICAL_SECURITY_IDENTITY,Company name intentionally blank; identity continuity is out of scope.
2022_H1,2022-01-01,2022-06-30,GLOBAL,,https://www.lhsec.co.th/uploads/userfiles/files/2022/SET50_H1_2022.pdf,SECONDARY_MIRROR_OF_SET_DOCUMENT,https://www.lhsec.co.th/uploads/userfiles/files/2022/SET50_H1_2022.pdf,HIGH,SOURCE_SNAPSHOT_REPORTED,UNREVIEWED_HISTORICAL_SECURITY_IDENTITY,Company name intentionally blank; identity continuity is out of scope.
2022_H1,2022-01-01,2022-06-30,GPSC,,https://www.lhsec.co.th/uploads/userfiles/files/2022/SET50_H1_2022.pdf,SECONDARY_MIRROR_OF_SET_DOCUMENT,https://www.lhsec.co.th/uploads/userfiles/files/2022/SET50_H1_2022.pdf,HIGH,SOURCE_SNAPSHOT_REPORTED,UNREVIEWED_HISTORICAL_SECURITY_IDENTITY,Company name intentionally blank; identity continuity is out of scope.
2022_H1,2022-01-01,2022-06-30,GULF,,https://www.lhsec.co.th/uploads/userfiles/files/2022/SET50_H1_2022.pdf,SECONDARY_MIRROR_OF_SET_DOCUMENT,https://www.lhsec.co.th/uploads/userfiles/files/2022/SET50_H1_2022.pdf,HIGH,SOURCE_SNAPSHOT_REPORTED,UNREVIEWED_HISTORICAL_SECURITY_IDENTITY,Company name intentionally blank; identity continuity is out of scope.
2022_H1,2022-01-01,2022-06-30,HMPRO,,https://www.lhsec.co.th/uploads/userfiles/files/2022/SET50_H1_2022.pdf,SECONDARY_MIRROR_OF_SET_DOCUMENT,https://www.lhsec.co.th/uploads/userfiles/files/2022/SET50_H1_2022.pdf,HIGH,SOURCE_SNAPSHOT_REPORTED,UNREVIEWED_HISTORICAL_SECURITY_IDENTITY,Company name intentionally blank; identity continuity is out of scope.
2022_H1,2022-01-01,2022-06-30,INTUCH,,https://www.lhsec.co.th/uploads/userfiles/files/2022/SET50_H1_2022.pdf,SECONDARY_MIRROR_OF_SET_DOCUMENT,https://www.lhsec.co.th/uploads/userfiles/files/2022/SET50_H1_2022.pdf,HIGH,SOURCE_SNAPSHOT_REPORTED,UNREVIEWED_HISTORICAL_SECURITY_IDENTITY,Company name intentionally blank; identity continuity is out of scope.
2022_H1,2022-01-01,2022-06-30,IRPC,,https://www.lhsec.co.th/uploads/userfiles/files/2022/SET50_H1_2022.pdf,SECONDARY_MIRROR_OF_SET_DOCUMENT,https://www.lhsec.co.th/uploads/userfiles/files/2022/SET50_H1_2022.pdf,HIGH,SOURCE_SNAPSHOT_REPORTED,UNREVIEWED_HISTORICAL_SECURITY_IDENTITY,Company name intentionally blank; identity continuity is out of scope.
2022_H1,2022-01-01,2022-06-30,IVL,,https://www.lhsec.co.th/uploads/userfiles/files/2022/SET50_H1_2022.pdf,SECONDARY_MIRROR_OF_SET_DOCUMENT,https://www.lhsec.co.th/uploads/userfiles/files/2022/SET50_H1_2022.pdf,HIGH,SOURCE_SNAPSHOT_REPORTED,UNREVIEWED_HISTORICAL_SECURITY_IDENTITY,Company name intentionally blank; identity continuity is out of scope.
2022_H1,2022-01-01,2022-06-30,KBANK,,https://www.lhsec.co.th/uploads/userfiles/files/2022/SET50_H1_2022.pdf,SECONDARY_MIRROR_OF_SET_DOCUMENT,https://www.lhsec.co.th/uploads/userfiles/files/2022/SET50_H1_2022.pdf,HIGH,SOURCE_SNAPSHOT_REPORTED,UNREVIEWED_HISTORICAL_SECURITY_IDENTITY,Company name intentionally blank; identity continuity is out of scope.
2022_H1,2022-01-01,2022-06-30,KCE,,https://www.lhsec.co.th/uploads/userfiles/files/2022/SET50_H1_2022.pdf,SECONDARY_MIRROR_OF_SET_DOCUMENT,https://www.lhsec.co.th/uploads/userfiles/files/2022/SET50_H1_2022.pdf,HIGH,SOURCE_SNAPSHOT_REPORTED,UNREVIEWED_HISTORICAL_SECURITY_IDENTITY,Company name intentionally blank; identity continuity is out of scope.
2022_H1,2022-01-01,2022-06-30,KTB,,https://www.lhsec.co.th/uploads/userfiles/files/2022/SET50_H1_2022.pdf,SECONDARY_MIRROR_OF_SET_DOCUMENT,https://www.lhsec.co.th/uploads/userfiles/files/2022/SET50_H1_2022.pdf,HIGH,SOURCE_SNAPSHOT_REPORTED,UNREVIEWED_HISTORICAL_SECURITY_IDENTITY,Company name intentionally blank; identity continuity is out of scope.
2022_H1,2022-01-01,2022-06-30,KTC,,https://www.lhsec.co.th/uploads/userfiles/files/2022/SET50_H1_2022.pdf,SECONDARY_MIRROR_OF_SET_DOCUMENT,https://www.lhsec.co.th/uploads/userfiles/files/2022/SET50_H1_2022.pdf,HIGH,SOURCE_SNAPSHOT_REPORTED,UNREVIEWED_HISTORICAL_SECURITY_IDENTITY,Company name intentionally blank; identity continuity is out of scope.
2022_H1,2022-01-01,2022-06-30,LH,,https://www.lhsec.co.th/uploads/userfiles/files/2022/SET50_H1_2022.pdf,SECONDARY_MIRROR_OF_SET_DOCUMENT,https://www.lhsec.co.th/uploads/userfiles/files/2022/SET50_H1_2022.pdf,HIGH,SOURCE_SNAPSHOT_REPORTED,UNREVIEWED_HISTORICAL_SECURITY_IDENTITY,Company name intentionally blank; identity continuity is out of scope.
2022_H1,2022-01-01,2022-06-30,MINT,,https://www.lhsec.co.th/uploads/userfiles/files/2022/SET50_H1_2022.pdf,SECONDARY_MIRROR_OF_SET_DOCUMENT,https://www.lhsec.co.th/uploads/userfiles/files/2022/SET50_H1_2022.pdf,HIGH,SOURCE_SNAPSHOT_REPORTED,UNREVIEWED_HISTORICAL_SECURITY_IDENTITY,Company name intentionally blank; identity continuity is out of scope.
2022_H1,2022-01-01,2022-06-30,MTC,,https://www.lhsec.co.th/uploads/userfiles/files/2022/SET50_H1_2022.pdf,SECONDARY_MIRROR_OF_SET_DOCUMENT,https://www.lhsec.co.th/uploads/userfiles/files/2022/SET50_H1_2022.pdf,HIGH,SOURCE_SNAPSHOT_REPORTED,UNREVIEWED_HISTORICAL_SECURITY_IDENTITY,Company name intentionally blank; identity continuity is out of scope.
2022_H1,2022-01-01,2022-06-30,OR,,https://www.lhsec.co.th/uploads/userfiles/files/2022/SET50_H1_2022.pdf,SECONDARY_MIRROR_OF_SET_DOCUMENT,https://www.lhsec.co.th/uploads/userfiles/files/2022/SET50_H1_2022.pdf,HIGH,SOURCE_SNAPSHOT_REPORTED,UNREVIEWED_HISTORICAL_SECURITY_IDENTITY,Company name intentionally blank; identity continuity is out of scope.
2022_H1,2022-01-01,2022-06-30,OSP,,https://www.lhsec.co.th/uploads/userfiles/files/2022/SET50_H1_2022.pdf,SECONDARY_MIRROR_OF_SET_DOCUMENT,https://www.lhsec.co.th/uploads/userfiles/files/2022/SET50_H1_2022.pdf,HIGH,SOURCE_SNAPSHOT_REPORTED,UNREVIEWED_HISTORICAL_SECURITY_IDENTITY,Company name intentionally blank; identity continuity is out of scope.
2022_H1,2022-01-01,2022-06-30,PTT,,https://www.lhsec.co.th/uploads/userfiles/files/2022/SET50_H1_2022.pdf,SECONDARY_MIRROR_OF_SET_DOCUMENT,https://www.lhsec.co.th/uploads/userfiles/files/2022/SET50_H1_2022.pdf,HIGH,SOURCE_SNAPSHOT_REPORTED,UNREVIEWED_HISTORICAL_SECURITY_IDENTITY,Company name intentionally blank; identity continuity is out of scope.
2022_H1,2022-01-01,2022-06-30,PTTEP,,https://www.lhsec.co.th/uploads/userfiles/files/2022/SET50_H1_2022.pdf,SECONDARY_MIRROR_OF_SET_DOCUMENT,https://www.lhsec.co.th/uploads/userfiles/files/2022/SET50_H1_2022.pdf,HIGH,SOURCE_SNAPSHOT_REPORTED,UNREVIEWED_HISTORICAL_SECURITY_IDENTITY,Company name intentionally blank; identity continuity is out of scope.
2022_H1,2022-01-01,2022-06-30,PTTGC,,https://www.lhsec.co.th/uploads/userfiles/files/2022/SET50_H1_2022.pdf,SECONDARY_MIRROR_OF_SET_DOCUMENT,https://www.lhsec.co.th/uploads/userfiles/files/2022/SET50_H1_2022.pdf,HIGH,SOURCE_SNAPSHOT_REPORTED,UNREVIEWED_HISTORICAL_SECURITY_IDENTITY,Company name intentionally blank; identity continuity is out of scope.
2022_H1,2022-01-01,2022-06-30,RATCH,,https://www.lhsec.co.th/uploads/userfiles/files/2022/SET50_H1_2022.pdf,SECONDARY_MIRROR_OF_SET_DOCUMENT,https://www.lhsec.co.th/uploads/userfiles/files/2022/SET50_H1_2022.pdf,HIGH,SOURCE_SNAPSHOT_REPORTED,UNREVIEWED_HISTORICAL_SECURITY_IDENTITY,Company name intentionally blank; identity continuity is out of scope.
2022_H1,2022-01-01,2022-06-30,SAWAD,,https://www.lhsec.co.th/uploads/userfiles/files/2022/SET50_H1_2022.pdf,SECONDARY_MIRROR_OF_SET_DOCUMENT,https://www.lhsec.co.th/uploads/userfiles/files/2022/SET50_H1_2022.pdf,HIGH,SOURCE_SNAPSHOT_REPORTED,UNREVIEWED_HISTORICAL_SECURITY_IDENTITY,Company name intentionally blank; identity continuity is out of scope.
2022_H1,2022-01-01,2022-06-30,SCB,,https://www.lhsec.co.th/uploads/userfiles/files/2022/SET50_H1_2022.pdf,SECONDARY_MIRROR_OF_SET_DOCUMENT,https://www.lhsec.co.th/uploads/userfiles/files/2022/SET50_H1_2022.pdf,HIGH,SOURCE_SNAPSHOT_REPORTED,UNREVIEWED_HISTORICAL_SECURITY_IDENTITY,Company name intentionally blank; identity continuity is out of scope.
2022_H1,2022-01-01,2022-06-30,SCC,,https://www.lhsec.co.th/uploads/userfiles/files/2022/SET50_H1_2022.pdf,SECONDARY_MIRROR_OF_SET_DOCUMENT,https://www.lhsec.co.th/uploads/userfiles/files/2022/SET50_H1_2022.pdf,HIGH,SOURCE_SNAPSHOT_REPORTED,UNREVIEWED_HISTORICAL_SECURITY_IDENTITY,Company name intentionally blank; identity continuity is out of scope.
2022_H1,2022-01-01,2022-06-30,SCGP,,https://www.lhsec.co.th/uploads/userfiles/files/2022/SET50_H1_2022.pdf,SECONDARY_MIRROR_OF_SET_DOCUMENT,https://www.lhsec.co.th/uploads/userfiles/files/2022/SET50_H1_2022.pdf,HIGH,SOURCE_SNAPSHOT_REPORTED,UNREVIEWED_HISTORICAL_SECURITY_IDENTITY,Company name intentionally blank; identity continuity is out of scope.
2022_H1,2022-01-01,2022-06-30,STGT,,https://www.lhsec.co.th/uploads/userfiles/files/2022/SET50_H1_2022.pdf,SECONDARY_MIRROR_OF_SET_DOCUMENT,https://www.lhsec.co.th/uploads/userfiles/files/2022/SET50_H1_2022.pdf,HIGH,SOURCE_SNAPSHOT_REPORTED,UNREVIEWED_HISTORICAL_SECURITY_IDENTITY,Company name intentionally blank; identity continuity is out of scope.
2022_H1,2022-01-01,2022-06-30,TIDLOR,,https://www.lhsec.co.th/uploads/userfiles/files/2022/SET50_H1_2022.pdf,SECONDARY_MIRROR_OF_SET_DOCUMENT,https://www.lhsec.co.th/uploads/userfiles/files/2022/SET50_H1_2022.pdf,HIGH,SOURCE_SNAPSHOT_REPORTED,UNREVIEWED_HISTORICAL_SECURITY_IDENTITY,Company name intentionally blank; identity continuity is out of scope.
2022_H1,2022-01-01,2022-06-30,TISCO,,https://www.lhsec.co.th/uploads/userfiles/files/2022/SET50_H1_2022.pdf,SECONDARY_MIRROR_OF_SET_DOCUMENT,https://www.lhsec.co.th/uploads/userfiles/files/2022/SET50_H1_2022.pdf,HIGH,SOURCE_SNAPSHOT_REPORTED,UNREVIEWED_HISTORICAL_SECURITY_IDENTITY,Company name intentionally blank; identity continuity is out of scope.
2022_H1,2022-01-01,2022-06-30,TOP,,https://www.lhsec.co.th/uploads/userfiles/files/2022/SET50_H1_2022.pdf,SECONDARY_MIRROR_OF_SET_DOCUMENT,https://www.lhsec.co.th/uploads/userfiles/files/2022/SET50_H1_2022.pdf,HIGH,SOURCE_SNAPSHOT_REPORTED,UNREVIEWED_HISTORICAL_SECURITY_IDENTITY,Company name intentionally blank; identity continuity is out of scope.
2022_H1,2022-01-01,2022-06-30,TRUE,,https://www.lhsec.co.th/uploads/userfiles/files/2022/SET50_H1_2022.pdf,SECONDARY_MIRROR_OF_SET_DOCUMENT,https://www.lhsec.co.th/uploads/userfiles/files/2022/SET50_H1_2022.pdf,HIGH,SOURCE_SNAPSHOT_REPORTED,UNREVIEWED_HISTORICAL_SECURITY_IDENTITY,Company name intentionally blank; identity continuity is out of scope.
2022_H1,2022-01-01,2022-06-30,TTB,,https://www.lhsec.co.th/uploads/userfiles/files/2022/SET50_H1_2022.pdf,SECONDARY_MIRROR_OF_SET_DOCUMENT,https://www.lhsec.co.th/uploads/userfiles/files/2022/SET50_H1_2022.pdf,HIGH,SOURCE_SNAPSHOT_REPORTED,UNREVIEWED_HISTORICAL_SECURITY_IDENTITY,Company name intentionally blank; identity continuity is out of scope.
2022_H1,2022-01-01,2022-06-30,TU,,https://www.lhsec.co.th/uploads/userfiles/files/2022/SET50_H1_2022.pdf,SECONDARY_MIRROR_OF_SET_DOCUMENT,https://www.lhsec.co.th/uploads/userfiles/files/2022/SET50_H1_2022.pdf,HIGH,SOURCE_SNAPSHOT_REPORTED,UNREVIEWED_HISTORICAL_SECURITY_IDENTITY,Company name intentionally blank; identity continuity is out of scope.
2022_H2,2022-07-01,2022-12-31,ADVANC,,https://media.set.or.th/set/Documents/2022/Jun/SET50_SET100_H2_2022.pdf,OFFICIAL_SET_PDF,https://media.set.or.th/set/Documents/2022/Jun/SET50_SET100_H2_2022.pdf,HIGH,SOURCE_SNAPSHOT_REPORTED,UNREVIEWED_HISTORICAL_SECURITY_IDENTITY,Company name intentionally blank; identity continuity is out of scope.
2022_H2,2022-07-01,2022-12-31,AOT,,https://media.set.or.th/set/Documents/2022/Jun/SET50_SET100_H2_2022.pdf,OFFICIAL_SET_PDF,https://media.set.or.th/set/Documents/2022/Jun/SET50_SET100_H2_2022.pdf,HIGH,SOURCE_SNAPSHOT_REPORTED,UNREVIEWED_HISTORICAL_SECURITY_IDENTITY,Company name intentionally blank; identity continuity is out of scope.
2022_H2,2022-07-01,2022-12-31,AWC,,https://media.set.or.th/set/Documents/2022/Jun/SET50_SET100_H2_2022.pdf,OFFICIAL_SET_PDF,https://media.set.or.th/set/Documents/2022/Jun/SET50_SET100_H2_2022.pdf,HIGH,SOURCE_SNAPSHOT_REPORTED,UNREVIEWED_HISTORICAL_SECURITY_IDENTITY,Company name intentionally blank; identity continuity is out of scope.
2022_H2,2022-07-01,2022-12-31,BANPU,,https://media.set.or.th/set/Documents/2022/Jun/SET50_SET100_H2_2022.pdf,OFFICIAL_SET_PDF,https://media.set.or.th/set/Documents/2022/Jun/SET50_SET100_H2_2022.pdf,HIGH,SOURCE_SNAPSHOT_REPORTED,UNREVIEWED_HISTORICAL_SECURITY_IDENTITY,Company name intentionally blank; identity continuity is out of scope.
2022_H2,2022-07-01,2022-12-31,BBL,,https://media.set.or.th/set/Documents/2022/Jun/SET50_SET100_H2_2022.pdf,OFFICIAL_SET_PDF,https://media.set.or.th/set/Documents/2022/Jun/SET50_SET100_H2_2022.pdf,HIGH,SOURCE_SNAPSHOT_REPORTED,UNREVIEWED_HISTORICAL_SECURITY_IDENTITY,Company name intentionally blank; identity continuity is out of scope.
2022_H2,2022-07-01,2022-12-31,BDMS,,https://media.set.or.th/set/Documents/2022/Jun/SET50_SET100_H2_2022.pdf,OFFICIAL_SET_PDF,https://media.set.or.th/set/Documents/2022/Jun/SET50_SET100_H2_2022.pdf,HIGH,SOURCE_SNAPSHOT_REPORTED,UNREVIEWED_HISTORICAL_SECURITY_IDENTITY,Company name intentionally blank; identity continuity is out of scope.
2022_H2,2022-07-01,2022-12-31,BEM,,https://media.set.or.th/set/Documents/2022/Jun/SET50_SET100_H2_2022.pdf,OFFICIAL_SET_PDF,https://media.set.or.th/set/Documents/2022/Jun/SET50_SET100_H2_2022.pdf,HIGH,SOURCE_SNAPSHOT_REPORTED,UNREVIEWED_HISTORICAL_SECURITY_IDENTITY,Company name intentionally blank; identity continuity is out of scope.
2022_H2,2022-07-01,2022-12-31,BGRIM,,https://media.set.or.th/set/Documents/2022/Jun/SET50_SET100_H2_2022.pdf,OFFICIAL_SET_PDF,https://media.set.or.th/set/Documents/2022/Jun/SET50_SET100_H2_2022.pdf,HIGH,SOURCE_SNAPSHOT_REPORTED,UNREVIEWED_HISTORICAL_SECURITY_IDENTITY,Company name intentionally blank; identity continuity is out of scope.
2022_H2,2022-07-01,2022-12-31,BH,,https://media.set.or.th/set/Documents/2022/Jun/SET50_SET100_H2_2022.pdf,OFFICIAL_SET_PDF,https://media.set.or.th/set/Documents/2022/Jun/SET50_SET100_H2_2022.pdf,HIGH,SOURCE_SNAPSHOT_REPORTED,UNREVIEWED_HISTORICAL_SECURITY_IDENTITY,Company name intentionally blank; identity continuity is out of scope.
2022_H2,2022-07-01,2022-12-31,BLA,,https://media.set.or.th/set/Documents/2022/Jun/SET50_SET100_H2_2022.pdf,OFFICIAL_SET_PDF,https://media.set.or.th/set/Documents/2022/Jun/SET50_SET100_H2_2022.pdf,HIGH,SOURCE_SNAPSHOT_REPORTED,UNREVIEWED_HISTORICAL_SECURITY_IDENTITY,Company name intentionally blank; identity continuity is out of scope.
2022_H2,2022-07-01,2022-12-31,BTS,,https://media.set.or.th/set/Documents/2022/Jun/SET50_SET100_H2_2022.pdf,OFFICIAL_SET_PDF,https://media.set.or.th/set/Documents/2022/Jun/SET50_SET100_H2_2022.pdf,HIGH,SOURCE_SNAPSHOT_REPORTED,UNREVIEWED_HISTORICAL_SECURITY_IDENTITY,Company name intentionally blank; identity continuity is out of scope.
2022_H2,2022-07-01,2022-12-31,CBG,,https://media.set.or.th/set/Documents/2022/Jun/SET50_SET100_H2_2022.pdf,OFFICIAL_SET_PDF,https://media.set.or.th/set/Documents/2022/Jun/SET50_SET100_H2_2022.pdf,HIGH,SOURCE_SNAPSHOT_REPORTED,UNREVIEWED_HISTORICAL_SECURITY_IDENTITY,Company name intentionally blank; identity continuity is out of scope.
2022_H2,2022-07-01,2022-12-31,CPALL,,https://media.set.or.th/set/Documents/2022/Jun/SET50_SET100_H2_2022.pdf,OFFICIAL_SET_PDF,https://media.set.or.th/set/Documents/2022/Jun/SET50_SET100_H2_2022.pdf,HIGH,SOURCE_SNAPSHOT_REPORTED,UNREVIEWED_HISTORICAL_SECURITY_IDENTITY,Company name intentionally blank; identity continuity is out of scope.
2022_H2,2022-07-01,2022-12-31,CPF,,https://media.set.or.th/set/Documents/2022/Jun/SET50_SET100_H2_2022.pdf,OFFICIAL_SET_PDF,https://media.set.or.th/set/Documents/2022/Jun/SET50_SET100_H2_2022.pdf,HIGH,SOURCE_SNAPSHOT_REPORTED,UNREVIEWED_HISTORICAL_SECURITY_IDENTITY,Company name intentionally blank; identity continuity is out of scope.
2022_H2,2022-07-01,2022-12-31,CPN,,https://media.set.or.th/set/Documents/2022/Jun/SET50_SET100_H2_2022.pdf,OFFICIAL_SET_PDF,https://media.set.or.th/set/Documents/2022/Jun/SET50_SET100_H2_2022.pdf,HIGH,SOURCE_SNAPSHOT_REPORTED,UNREVIEWED_HISTORICAL_SECURITY_IDENTITY,Company name intentionally blank; identity continuity is out of scope.
2022_H2,2022-07-01,2022-12-31,CRC,,https://media.set.or.th/set/Documents/2022/Jun/SET50_SET100_H2_2022.pdf,OFFICIAL_SET_PDF,https://media.set.or.th/set/Documents/2022/Jun/SET50_SET100_H2_2022.pdf,HIGH,SOURCE_SNAPSHOT_REPORTED,UNREVIEWED_HISTORICAL_SECURITY_IDENTITY,Company name intentionally blank; identity continuity is out of scope.
2022_H2,2022-07-01,2022-12-31,DTAC,,https://media.set.or.th/set/Documents/2022/Jun/SET50_SET100_H2_2022.pdf,OFFICIAL_SET_PDF,https://media.set.or.th/set/Documents/2022/Jun/SET50_SET100_H2_2022.pdf,HIGH,SOURCE_SNAPSHOT_REPORTED,UNREVIEWED_HISTORICAL_SECURITY_IDENTITY,Company name intentionally blank; identity continuity is out of scope.
2022_H2,2022-07-01,2022-12-31,EA,,https://media.set.or.th/set/Documents/2022/Jun/SET50_SET100_H2_2022.pdf,OFFICIAL_SET_PDF,https://media.set.or.th/set/Documents/2022/Jun/SET50_SET100_H2_2022.pdf,HIGH,SOURCE_SNAPSHOT_REPORTED,UNREVIEWED_HISTORICAL_SECURITY_IDENTITY,Company name intentionally blank; identity continuity is out of scope.
2022_H2,2022-07-01,2022-12-31,EGCO,,https://media.set.or.th/set/Documents/2022/Jun/SET50_SET100_H2_2022.pdf,OFFICIAL_SET_PDF,https://media.set.or.th/set/Documents/2022/Jun/SET50_SET100_H2_2022.pdf,HIGH,SOURCE_SNAPSHOT_REPORTED,UNREVIEWED_HISTORICAL_SECURITY_IDENTITY,Company name intentionally blank; identity continuity is out of scope.
2022_H2,2022-07-01,2022-12-31,GLOBAL,,https://media.set.or.th/set/Documents/2022/Jun/SET50_SET100_H2_2022.pdf,OFFICIAL_SET_PDF,https://media.set.or.th/set/Documents/2022/Jun/SET50_SET100_H2_2022.pdf,HIGH,SOURCE_SNAPSHOT_REPORTED,UNREVIEWED_HISTORICAL_SECURITY_IDENTITY,Company name intentionally blank; identity continuity is out of scope.
2022_H2,2022-07-01,2022-12-31,GPSC,,https://media.set.or.th/set/Documents/2022/Jun/SET50_SET100_H2_2022.pdf,OFFICIAL_SET_PDF,https://media.set.or.th/set/Documents/2022/Jun/SET50_SET100_H2_2022.pdf,HIGH,SOURCE_SNAPSHOT_REPORTED,UNREVIEWED_HISTORICAL_SECURITY_IDENTITY,Company name intentionally blank; identity continuity is out of scope.
2022_H2,2022-07-01,2022-12-31,GULF,,https://media.set.or.th/set/Documents/2022/Jun/SET50_SET100_H2_2022.pdf,OFFICIAL_SET_PDF,https://media.set.or.th/set/Documents/2022/Jun/SET50_SET100_H2_2022.pdf,HIGH,SOURCE_SNAPSHOT_REPORTED,UNREVIEWED_HISTORICAL_SECURITY_IDENTITY,Company name intentionally blank; identity continuity is out of scope.
2022_H2,2022-07-01,2022-12-31,HMPRO,,https://media.set.or.th/set/Documents/2022/Jun/SET50_SET100_H2_2022.pdf,OFFICIAL_SET_PDF,https://media.set.or.th/set/Documents/2022/Jun/SET50_SET100_H2_2022.pdf,HIGH,SOURCE_SNAPSHOT_REPORTED,UNREVIEWED_HISTORICAL_SECURITY_IDENTITY,Company name intentionally blank; identity continuity is out of scope.
2022_H2,2022-07-01,2022-12-31,INTUCH,,https://media.set.or.th/set/Documents/2022/Jun/SET50_SET100_H2_2022.pdf,OFFICIAL_SET_PDF,https://media.set.or.th/set/Documents/2022/Jun/SET50_SET100_H2_2022.pdf,HIGH,SOURCE_SNAPSHOT_REPORTED,UNREVIEWED_HISTORICAL_SECURITY_IDENTITY,Company name intentionally blank; identity continuity is out of scope.
2022_H2,2022-07-01,2022-12-31,IRPC,,https://media.set.or.th/set/Documents/2022/Jun/SET50_SET100_H2_2022.pdf,OFFICIAL_SET_PDF,https://media.set.or.th/set/Documents/2022/Jun/SET50_SET100_H2_2022.pdf,HIGH,SOURCE_SNAPSHOT_REPORTED,UNREVIEWED_HISTORICAL_SECURITY_IDENTITY,Company name intentionally blank; identity continuity is out of scope.
2022_H2,2022-07-01,2022-12-31,IVL,,https://media.set.or.th/set/Documents/2022/Jun/SET50_SET100_H2_2022.pdf,OFFICIAL_SET_PDF,https://media.set.or.th/set/Documents/2022/Jun/SET50_SET100_H2_2022.pdf,HIGH,SOURCE_SNAPSHOT_REPORTED,UNREVIEWED_HISTORICAL_SECURITY_IDENTITY,Company name intentionally blank; identity continuity is out of scope.
2022_H2,2022-07-01,2022-12-31,JMART,,https://media.set.or.th/set/Documents/2022/Jun/SET50_SET100_H2_2022.pdf,OFFICIAL_SET_PDF,https://media.set.or.th/set/Documents/2022/Jun/SET50_SET100_H2_2022.pdf,HIGH,SOURCE_SNAPSHOT_REPORTED,UNREVIEWED_HISTORICAL_SECURITY_IDENTITY,Company name intentionally blank; identity continuity is out of scope.
2022_H2,2022-07-01,2022-12-31,JMT,,https://media.set.or.th/set/Documents/2022/Jun/SET50_SET100_H2_2022.pdf,OFFICIAL_SET_PDF,https://media.set.or.th/set/Documents/2022/Jun/SET50_SET100_H2_2022.pdf,HIGH,SOURCE_SNAPSHOT_REPORTED,UNREVIEWED_HISTORICAL_SECURITY_IDENTITY,Company name intentionally blank; identity continuity is out of scope.
2022_H2,2022-07-01,2022-12-31,KBANK,,https://media.set.or.th/set/Documents/2022/Jun/SET50_SET100_H2_2022.pdf,OFFICIAL_SET_PDF,https://media.set.or.th/set/Documents/2022/Jun/SET50_SET100_H2_2022.pdf,HIGH,SOURCE_SNAPSHOT_REPORTED,UNREVIEWED_HISTORICAL_SECURITY_IDENTITY,Company name intentionally blank; identity continuity is out of scope.
2022_H2,2022-07-01,2022-12-31,KCE,,https://media.set.or.th/set/Documents/2022/Jun/SET50_SET100_H2_2022.pdf,OFFICIAL_SET_PDF,https://media.set.or.th/set/Documents/2022/Jun/SET50_SET100_H2_2022.pdf,HIGH,SOURCE_SNAPSHOT_REPORTED,UNREVIEWED_HISTORICAL_SECURITY_IDENTITY,Company name intentionally blank; identity continuity is out of scope.
2022_H2,2022-07-01,2022-12-31,KTB,,https://media.set.or.th/set/Documents/2022/Jun/SET50_SET100_H2_2022.pdf,OFFICIAL_SET_PDF,https://media.set.or.th/set/Documents/2022/Jun/SET50_SET100_H2_2022.pdf,HIGH,SOURCE_SNAPSHOT_REPORTED,UNREVIEWED_HISTORICAL_SECURITY_IDENTITY,Company name intentionally blank; identity continuity is out of scope.
2022_H2,2022-07-01,2022-12-31,KTC,,https://media.set.or.th/set/Documents/2022/Jun/SET50_SET100_H2_2022.pdf,OFFICIAL_SET_PDF,https://media.set.or.th/set/Documents/2022/Jun/SET50_SET100_H2_2022.pdf,HIGH,SOURCE_SNAPSHOT_REPORTED,UNREVIEWED_HISTORICAL_SECURITY_IDENTITY,Company name intentionally blank; identity continuity is out of scope.
2022_H2,2022-07-01,2022-12-31,LH,,https://media.set.or.th/set/Documents/2022/Jun/SET50_SET100_H2_2022.pdf,OFFICIAL_SET_PDF,https://media.set.or.th/set/Documents/2022/Jun/SET50_SET100_H2_2022.pdf,HIGH,SOURCE_SNAPSHOT_REPORTED,UNREVIEWED_HISTORICAL_SECURITY_IDENTITY,Company name intentionally blank; identity continuity is out of scope.
2022_H2,2022-07-01,2022-12-31,MINT,,https://media.set.or.th/set/Documents/2022/Jun/SET50_SET100_H2_2022.pdf,OFFICIAL_SET_PDF,https://media.set.or.th/set/Documents/2022/Jun/SET50_SET100_H2_2022.pdf,HIGH,SOURCE_SNAPSHOT_REPORTED,UNREVIEWED_HISTORICAL_SECURITY_IDENTITY,Company name intentionally blank; identity continuity is out of scope.
2022_H2,2022-07-01,2022-12-31,MTC,,https://media.set.or.th/set/Documents/2022/Jun/SET50_SET100_H2_2022.pdf,OFFICIAL_SET_PDF,https://media.set.or.th/set/Documents/2022/Jun/SET50_SET100_H2_2022.pdf,HIGH,SOURCE_SNAPSHOT_REPORTED,UNREVIEWED_HISTORICAL_SECURITY_IDENTITY,Company name intentionally blank; identity continuity is out of scope.
2022_H2,2022-07-01,2022-12-31,OR,,https://media.set.or.th/set/Documents/2022/Jun/SET50_SET100_H2_2022.pdf,OFFICIAL_SET_PDF,https://media.set.or.th/set/Documents/2022/Jun/SET50_SET100_H2_2022.pdf,HIGH,SOURCE_SNAPSHOT_REPORTED,UNREVIEWED_HISTORICAL_SECURITY_IDENTITY,Company name intentionally blank; identity continuity is out of scope.
2022_H2,2022-07-01,2022-12-31,OSP,,https://media.set.or.th/set/Documents/2022/Jun/SET50_SET100_H2_2022.pdf,OFFICIAL_SET_PDF,https://media.set.or.th/set/Documents/2022/Jun/SET50_SET100_H2_2022.pdf,HIGH,SOURCE_SNAPSHOT_REPORTED,UNREVIEWED_HISTORICAL_SECURITY_IDENTITY,Company name intentionally blank; identity continuity is out of scope.
2022_H2,2022-07-01,2022-12-31,PTT,,https://media.set.or.th/set/Documents/2022/Jun/SET50_SET100_H2_2022.pdf,OFFICIAL_SET_PDF,https://media.set.or.th/set/Documents/2022/Jun/SET50_SET100_H2_2022.pdf,HIGH,SOURCE_SNAPSHOT_REPORTED,UNREVIEWED_HISTORICAL_SECURITY_IDENTITY,Company name intentionally blank; identity continuity is out of scope.
2022_H2,2022-07-01,2022-12-31,PTTEP,,https://media.set.or.th/set/Documents/2022/Jun/SET50_SET100_H2_2022.pdf,OFFICIAL_SET_PDF,https://media.set.or.th/set/Documents/2022/Jun/SET50_SET100_H2_2022.pdf,HIGH,SOURCE_SNAPSHOT_REPORTED,UNREVIEWED_HISTORICAL_SECURITY_IDENTITY,Company name intentionally blank; identity continuity is out of scope.
2022_H2,2022-07-01,2022-12-31,PTTGC,,https://media.set.or.th/set/Documents/2022/Jun/SET50_SET100_H2_2022.pdf,OFFICIAL_SET_PDF,https://media.set.or.th/set/Documents/2022/Jun/SET50_SET100_H2_2022.pdf,HIGH,SOURCE_SNAPSHOT_REPORTED,UNREVIEWED_HISTORICAL_SECURITY_IDENTITY,Company name intentionally blank; identity continuity is out of scope.
2022_H2,2022-07-01,2022-12-31,SAWAD,,https://media.set.or.th/set/Documents/2022/Jun/SET50_SET100_H2_2022.pdf,OFFICIAL_SET_PDF,https://media.set.or.th/set/Documents/2022/Jun/SET50_SET100_H2_2022.pdf,HIGH,SOURCE_SNAPSHOT_REPORTED,UNREVIEWED_HISTORICAL_SECURITY_IDENTITY,Company name intentionally blank; identity continuity is out of scope.
2022_H2,2022-07-01,2022-12-31,SCB,,https://media.set.or.th/set/Documents/2022/Jun/SET50_SET100_H2_2022.pdf,OFFICIAL_SET_PDF,https://media.set.or.th/set/Documents/2022/Jun/SET50_SET100_H2_2022.pdf,HIGH,SOURCE_SNAPSHOT_REPORTED,UNREVIEWED_HISTORICAL_SECURITY_IDENTITY,Company name intentionally blank; identity continuity is out of scope.
2022_H2,2022-07-01,2022-12-31,SCC,,https://media.set.or.th/set/Documents/2022/Jun/SET50_SET100_H2_2022.pdf,OFFICIAL_SET_PDF,https://media.set.or.th/set/Documents/2022/Jun/SET50_SET100_H2_2022.pdf,HIGH,SOURCE_SNAPSHOT_REPORTED,UNREVIEWED_HISTORICAL_SECURITY_IDENTITY,Company name intentionally blank; identity continuity is out of scope.
2022_H2,2022-07-01,2022-12-31,SCGP,,https://media.set.or.th/set/Documents/2022/Jun/SET50_SET100_H2_2022.pdf,OFFICIAL_SET_PDF,https://media.set.or.th/set/Documents/2022/Jun/SET50_SET100_H2_2022.pdf,HIGH,SOURCE_SNAPSHOT_REPORTED,UNREVIEWED_HISTORICAL_SECURITY_IDENTITY,Company name intentionally blank; identity continuity is out of scope.
2022_H2,2022-07-01,2022-12-31,TIDLOR,,https://media.set.or.th/set/Documents/2022/Jun/SET50_SET100_H2_2022.pdf,OFFICIAL_SET_PDF,https://media.set.or.th/set/Documents/2022/Jun/SET50_SET100_H2_2022.pdf,HIGH,SOURCE_SNAPSHOT_REPORTED,UNREVIEWED_HISTORICAL_SECURITY_IDENTITY,Company name intentionally blank; identity continuity is out of scope.
2022_H2,2022-07-01,2022-12-31,TISCO,,https://media.set.or.th/set/Documents/2022/Jun/SET50_SET100_H2_2022.pdf,OFFICIAL_SET_PDF,https://media.set.or.th/set/Documents/2022/Jun/SET50_SET100_H2_2022.pdf,HIGH,SOURCE_SNAPSHOT_REPORTED,UNREVIEWED_HISTORICAL_SECURITY_IDENTITY,Company name intentionally blank; identity continuity is out of scope.
2022_H2,2022-07-01,2022-12-31,TOP,,https://media.set.or.th/set/Documents/2022/Jun/SET50_SET100_H2_2022.pdf,OFFICIAL_SET_PDF,https://media.set.or.th/set/Documents/2022/Jun/SET50_SET100_H2_2022.pdf,HIGH,SOURCE_SNAPSHOT_REPORTED,UNREVIEWED_HISTORICAL_SECURITY_IDENTITY,Company name intentionally blank; identity continuity is out of scope.
2022_H2,2022-07-01,2022-12-31,TRUE,,https://media.set.or.th/set/Documents/2022/Jun/SET50_SET100_H2_2022.pdf,OFFICIAL_SET_PDF,https://media.set.or.th/set/Documents/2022/Jun/SET50_SET100_H2_2022.pdf,HIGH,SOURCE_SNAPSHOT_REPORTED,UNREVIEWED_HISTORICAL_SECURITY_IDENTITY,Company name intentionally blank; identity continuity is out of scope.
2022_H2,2022-07-01,2022-12-31,TTB,,https://media.set.or.th/set/Documents/2022/Jun/SET50_SET100_H2_2022.pdf,OFFICIAL_SET_PDF,https://media.set.or.th/set/Documents/2022/Jun/SET50_SET100_H2_2022.pdf,HIGH,SOURCE_SNAPSHOT_REPORTED,UNREVIEWED_HISTORICAL_SECURITY_IDENTITY,Company name intentionally blank; identity continuity is out of scope.
2022_H2,2022-07-01,2022-12-31,TU,,https://media.set.or.th/set/Documents/2022/Jun/SET50_SET100_H2_2022.pdf,OFFICIAL_SET_PDF,https://media.set.or.th/set/Documents/2022/Jun/SET50_SET100_H2_2022.pdf,HIGH,SOURCE_SNAPSHOT_REPORTED,UNREVIEWED_HISTORICAL_SECURITY_IDENTITY,Company name intentionally blank; identity continuity is out of scope.
