Date,Adj Close,Close,Dividends,High,Low,Open,Stock Splits,Volume
2022-07-01,155.9064178466797,180.0,0.0,181.0,179.0,179.0,0.0,2001300
2022-07-04,156.77256774902344,181.0,0.0,181.5,179.0,180.0,0.0,1585000
2022-07-05,158.9379425048828,183.5,0.0,186.0,181.0,181.0,0.0,5034700
2022-07-06,160.2371826171875,185.0,0.0,186.0,183.5,183.5,0.0,3519500
2022-07-07,162.8356170654297,188.0,0.0,189.0,186.0,186.5,0.0,4934600
2022-07-08,163.26864624023438,188.5,0.0,190.0,187.5,188.0,0.0,3211000
2022-07-11,163.26864624023438,188.5,0.0,188.5,187.5,188.5,0.0,2126300
2022-07-12,162.8356170654297,188.0,0.0,190.5,188.0,188.5,0.0,2300800
2022-07-14,162.8356170654297,188.0,0.0,191.0,187.0,188.0,0.0,4447400
2022-07-15,163.26864624023438,188.5,0.0,188.5,185.0,187.0,0.0,4008100
2022-07-18,154.60720825195312,178.5,0.0,187.0,177.0,187.0,0.0,6222000
2022-07-19,156.33950805664062,180.5,0.0,181.0,178.0,179.0,0.0,3847600
2022-07-20,155.9064178466797,180.0,0.0,181.5,178.0,181.0,0.0,1928400
2022-07-21,155.040283203125,179.0,0.0,180.0,177.5,179.0,0.0,2121500
2022-07-22,154.60720825195312,178.5,0.0,180.0,177.5,180.0,0.0,1195200
2022-07-25,154.60720825195312,178.5,0.0,179.5,175.0,178.5,0.0,2307000
2022-07-26,157.20567321777344,181.5,0.0,182.5,179.5,180.0,0.0,3049100
2022-07-27,157.6387481689453,182.0,0.0,182.5,180.0,182.5,0.0,1306200
2022-08-01,159.8040771484375,184.5,0.0,185.0,183.0,184.0,0.0,3252300
2022-08-02,159.37100219726562,184.0,0.0,185.5,183.0,184.5,0.0,2827500
2022-08-03,160.2371826171875,185.0,0.0,185.0,183.5,184.5,0.0,1627400
2022-08-04,158.9379425048828,183.5,0.0,187.0,182.5,185.5,0.0,1794500
2022-08-05,157.6387481689453,182.0,0.0,184.0,181.0,184.0,0.0,1962100
2022-08-08,155.9064178466797,180.0,0.0,184.0,178.5,184.0,0.0,3822300
2022-08-09,157.20567321777344,181.5,0.0,182.0,179.5,179.5,0.0,2094900
2022-08-10,157.6387481689453,182.0,0.0,182.5,180.0,181.5,0.0,3347500
2022-08-11,164.56788635253906,190.0,0.0,197.0,186.5,187.0,0.0,17035700
2022-08-15,163.26864624023438,188.5,0.0,191.0,188.5,190.0,0.0,7132900
2022-08-16,164.1348114013672,189.5,0.0,196.5,188.0,190.5,0.0,11865700
2022-08-17,167.5994110107422,193.5,0.0,196.0,190.5,190.5,0.0,11138500
2022-08-18,161.53640747070312,186.5,0.0,187.5,180.5,187.0,0.0,38672900
2022-08-19,168.46554565429688,194.5,0.0,195.0,186.5,188.0,0.0,18730500
2022-08-22,168.46554565429688,194.5,0.0,196.0,193.0,196.0,0.0,6038300
2022-08-23,185.3554229736328,214.0,0.0,214.0,196.5,197.0,0.0,18446400
2022-08-24,182.75698852539062,211.0,0.0,214.0,206.0,214.0,0.0,10414300
2022-08-25,190.7256622314453,219.0,1.15,219.0,211.0,212.0,0.0,12635400
2022-08-26,188.11297607421875,216.0,0.0,218.0,214.0,218.0,0.0,8011800
2022-08-29,187.24209594726562,215.0,0.0,216.0,209.0,213.0,0.0,8851600
2022-08-30,187.24209594726562,215.0,0.0,220.0,214.0,215.0,0.0,14303500
2022-08-31,188.11297607421875,216.0,0.0,218.0,213.0,214.0,0.0,19069400
2022-09-01,188.11297607421875,216.0,0.0,219.0,213.0,214.0,0.0,6249800
2022-09-02,188.98387145996094,217.0,0.0,220.0,214.0,214.0,0.0,4185900
2022-09-05,187.24209594726562,215.0,0.0,219.0,214.0,216.0,0.0,4197400
2022-09-06,188.11297607421875,216.0,0.0,217.0,214.0,215.0,0.0,3074200
2022-09-07,189.85476684570312,218.0,0.0,220.0,215.0,216.0,0.0,5205700
2022-09-08,195.95101928710938,225.0,0.0,226.0,216.0,219.0,0.0,8824300
2022-09-09,195.08010864257812,224.0,0.0,227.0,223.0,227.0,0.0,4576300
2022-09-12,197.6928253173828,227.0,0.0,228.0,224.0,226.0,0.0,2398800
2022-09-13,201.17640686035156,231.0,0.0,233.0,225.0,227.0,0.0,6347200
2022-09-14,195.95101928710938,225.0,0.0,230.0,224.0,228.0,0.0,4872900
2022-09-15,197.6928253173828,227.0,0.0,229.0,225.0,227.0,0.0,3989300
2022-09-16,190.7256622314453,219.0,0.0,227.0,216.0,225.0,0.0,14960400
2022-09-19,195.95101928710938,225.0,0.0,225.0,219.0,219.0,0.0,2875500
2022-09-20,196.8219451904297,226.0,0.0,231.0,224.0,227.0,0.0,5344600
2022-09-21,197.6928253173828,227.0,0.0,228.0,224.0,226.0,0.0,2137400
2022-09-22,200.30548095703125,230.0,0.0,230.0,225.0,226.0,0.0,2064500
2022-09-23,195.95101928710938,225.0,0.0,230.0,225.0,228.0,0.0,1816100
2022-09-26,196.8219451904297,226.0,0.0,227.0,222.0,227.0,0.0,2288700
2022-09-27,195.95101928710938,225.0,0.0,228.0,223.0,223.0,0.0,2495900
2022-09-28,197.6928253173828,227.0,0.0,229.0,224.0,224.0,0.0,2710200
2022-09-29,195.08010864257812,224.0,0.0,228.0,222.0,227.0,0.0,4160200
2022-09-30,197.6928253173828,227.0,0.0,227.0,223.0,224.0,0.0,2477200
2022-10-03,193.33837890625,222.0,0.0,229.0,221.0,227.0,0.0,4463100
2022-10-04,199.43458557128906,229.0,0.0,231.0,223.0,223.0,0.0,4758300
2022-10-05,199.43458557128906,229.0,0.0,230.0,227.0,230.0,0.0,2407900
2022-10-06,202.9181365966797,233.0,0.0,237.0,230.0,230.0,0.0,4991700
2022-10-07,202.9181365966797,233.0,0.0,234.0,230.0,234.0,0.0,2108600
2022-10-10,202.9181365966797,233.0,0.0,235.0,230.0,232.0,0.0,1827900
2022-10-11,198.56369018554688,228.0,0.0,235.0,228.0,233.0,0.0,1945400
2022-10-12,200.30548095703125,230.0,0.0,230.0,226.0,228.0,0.0,1609500
2022-10-17,204.6599578857422,235.0,0.0,238.0,231.0,235.0,0.0,3265200
2022-10-18,202.9181365966797,233.0,0.0,237.0,232.0,235.0,0.0,1889300
2022-10-19,198.56369018554688,228.0,0.0,234.0,227.0,234.0,0.0,2891300
2022-10-20,200.30548095703125,230.0,0.0,231.0,225.0,228.0,0.0,3151000
2022-10-21,199.43458557128906,229.0,0.0,231.0,227.0,229.0,0.0,1215600
2022-10-25,202.0472869873047,232.0,0.0,232.0,229.0,231.0,0.0,2462100
2022-10-26,198.56369018554688,228.0,0.0,233.0,227.0,232.0,0.0,2696500
2022-10-27,198.56369018554688,228.0,0.0,232.0,228.0,229.0,0.0,2249900
2022-10-28,195.95101928710938,225.0,0.0,229.0,224.0,229.0,0.0,2309300
2022-10-31,197.6928253173828,227.0,0.0,229.0,225.0,227.0,0.0,1923800
2022-11-01,196.8219451904297,226.0,0.0,228.0,225.0,228.0,0.0,1852400
2022-11-02,197.6928253173828,227.0,0.0,228.0,223.0,225.0,0.0,3264400
2022-11-03,195.08010864257812,224.0,0.0,229.0,223.0,228.0,0.0,2649600
2022-11-04,195.08010864257812,224.0,0.0,227.0,224.0,225.0,0.0,2600900
2022-11-07,192.4674530029297,221.0,0.0,226.0,219.0,225.0,0.0,3068300
2022-11-08,192.4674530029297,221.0,0.0,224.0,220.0,223.0,0.0,3578100
2022-11-09,195.08010864257812,224.0,0.0,225.0,218.0,223.0,0.0,3893600
2022-11-10,202.9181365966797,233.0,0.0,238.0,224.0,226.0,0.0,9405400
2022-11-11,208.1435546875,239.0,0.0,241.0,231.0,237.0,0.0,7093800
2022-11-14,199.43458557128906,229.0,0.0,240.0,228.0,238.0,0.0,5988900
2022-11-15,199.43458557128906,229.0,0.0,231.0,228.0,230.0,0.0,2212600
2022-11-16,199.43458557128906,229.0,0.0,232.0,228.0,229.0,0.0,2086200
2022-11-17,185.5002899169922,213.0,0.0,227.0,210.0,226.0,0.0,12373000
2022-11-18,184.62940979003906,212.0,0.0,216.0,209.0,213.0,0.0,7570900
2022-11-21,188.98387145996094,217.0,0.0,218.0,210.0,210.0,0.0,4370100
2022-11-22,191.59657287597656,220.0,0.0,221.0,217.0,219.0,0.0,3074500
2022-11-23,191.59657287597656,220.0,0.0,222.0,219.0,221.0,0.0,2785300
2022-11-24,191.59657287597656,220.0,0.0,223.0,216.0,219.0,0.0,2355600
2022-11-25,189.85476684570312,218.0,0.0,220.0,216.0,220.0,0.0,1377700
2022-11-28,188.98387145996094,217.0,0.0,220.0,215.0,217.0,0.0,1840800
2022-11-29,190.7256622314453,219.0,0.0,222.0,217.0,218.0,0.0,2745700
2022-11-30,197.6928253173828,227.0,0.0,227.0,218.0,221.0,0.0,7941400
2022-12-01,190.7256622314453,219.0,0.0,226.0,218.0,224.0,0.0,4922100
2022-12-02,189.85476684570312,218.0,0.0,221.0,216.0,219.0,0.0,3570600
2022-12-06,188.11297607421875,216.0,0.0,217.0,214.0,216.0,0.0,2987900
2022-12-07,187.24209594726562,215.0,0.0,217.0,213.0,216.0,0.0,2114400
2022-12-08,184.62940979003906,212.0,0.0,216.0,211.0,216.0,0.0,1983200
2022-12-09,182.8876190185547,210.0,0.0,212.0,209.0,210.0,0.0,2793600
2022-12-13,179.40403747558594,206.0,0.0,210.0,203.0,208.0,0.0,5879100
2022-12-14,183.75851440429688,211.0,0.0,212.0,205.0,206.0,0.0,3392100
2022-12-15,182.8876190185547,210.0,0.0,212.0,207.0,212.0,0.0,2619700
2022-12-16,186.37118530273438,214.0,0.0,214.0,206.0,210.0,0.0,5571400
2022-12-19,184.62940979003906,212.0,0.0,215.0,211.0,213.0,0.0,1742600
2022-12-20,182.0167236328125,209.0,0.0,212.0,208.0,212.0,0.0,1976300
2022-12-21,185.5002899169922,213.0,0.0,213.0,210.0,210.0,0.0,2108700
2022-12-22,183.75851440429688,211.0,0.0,213.0,208.0,213.0,0.0,1794000
2022-12-23,182.0167236328125,209.0,0.0,211.0,207.0,211.0,0.0,2430400
2022-12-26,181.14584350585938,208.0,0.0,209.0,206.0,208.0,0.0,1510300
2022-12-27,183.75851440429688,211.0,0.0,212.0,208.0,208.0,0.0,1963300
2022-12-28,185.5002899169922,213.0,0.0,215.0,211.0,212.0,0.0,2366400
2022-12-29,188.11297607421875,216.0,0.0,216.0,213.0,213.0,0.0,2765600
2022-12-30,184.62940979003906,212.0,0.0,216.0,212.0,216.0,0.0,2481200
2023-01-03,186.37118530273438,214.0,0.0,217.0,212.0,213.0,0.0,2029400
2023-01-04,188.98387145996094,217.0,0.0,217.0,214.0,216.0,0.0,2317200
2023-01-05,189.85476684570312,218.0,0.0,219.0,215.0,217.0,0.0,2869900
2023-01-06,194.20924377441406,223.0,0.0,225.0,218.0,218.0,0.0,4957500
2023-01-09,195.08010864257812,224.0,0.0,228.0,223.0,226.0,0.0,3424700
2023-01-10,195.95101928710938,225.0,0.0,226.0,223.0,224.0,0.0,2489400
2023-01-11,192.4674530029297,221.0,0.0,227.0,220.0,227.0,0.0,2405100
2023-01-12,188.11297607421875,216.0,0.0,222.0,214.0,222.0,0.0,4186300
2023-01-13,187.24209594726562,215.0,0.0,217.0,213.0,216.0,0.0,3982900
2023-01-16,185.5002899169922,213.0,0.0,214.0,210.0,214.0,0.0,3450500
2023-01-17,184.62940979003906,212.0,0.0,213.0,210.0,213.0,0.0,2304600
2023-01-18,181.14584350585938,208.0,0.0,212.0,208.0,212.0,0.0,4146600
2023-01-19,183.75851440429688,211.0,0.0,213.0,209.0,209.0,0.0,3205700
2023-01-20,182.0167236328125,209.0,0.0,211.0,208.0,211.0,0.0,2614700
2023-01-23,182.0167236328125,209.0,0.0,209.0,207.0,209.0,0.0,1390900
2023-01-24,182.0167236328125,209.0,0.0,209.0,208.0,209.0,0.0,1100100
2023-01-25,180.2749481201172,207.0,0.0,210.0,205.0,209.0,0.0,2096800
2023-01-26,181.14584350585938,208.0,0.0,209.0,206.0,208.0,0.0,1715600
2023-01-27,184.62940979003906,212.0,0.0,213.0,208.0,208.0,0.0,4360400
2023-01-30,186.37118530273438,214.0,0.0,216.0,210.0,212.0,0.0,4598800
2023-01-31,188.98387145996094,217.0,0.0,220.0,215.0,215.0,0.0,7320100
2023-02-01,190.7256622314453,219.0,0.0,220.0,217.0,217.0,0.0,3792700
2023-02-02,188.98387145996094,217.0,0.0,222.0,217.0,221.0,0.0,3203500
2023-02-03,188.98387145996094,217.0,0.0,218.0,216.0,216.0,0.0,1401100
2023-02-06,187.24209594726562,215.0,0.0,217.0,213.0,216.0,0.0,1680200
2023-02-07,186.37118530273438,214.0,0.0,215.0,211.0,214.0,0.0,2579500
2023-02-08,186.37118530273438,214.0,0.0,216.0,212.0,215.0,0.0,2698900
2023-02-09,184.62940979003906,212.0,0.0,213.0,210.0,213.0,0.0,2397500
2023-02-10,182.8876190185547,210.0,0.0,212.0,209.0,211.0,0.0,1033200
2023-02-13,181.14584350585938,208.0,0.0,210.0,208.0,210.0,0.0,1801000
2023-02-14,182.8876190185547,210.0,0.0,212.0,207.0,208.0,0.0,2423400
2023-02-15,182.0167236328125,209.0,0.0,210.0,208.0,210.0,0.0,1178000
2023-02-16,187.24209594726562,215.0,0.0,217.0,212.0,214.0,0.0,5182100
2023-02-17,188.98387145996094,217.0,0.0,219.0,213.0,215.0,0.0,3456200
2023-02-20,188.11297607421875,216.0,0.0,218.0,215.0,218.0,0.0,2481000
2023-02-21,188.98387145996094,217.0,0.0,218.0,216.0,216.0,0.0,1708600
2023-02-22,191.59657287597656,220.0,0.0,221.0,217.0,218.0,0.0,3017000
2023-02-23,191.59657287597656,220.0,0.0,222.0,218.0,220.0,0.0,2982000
2023-02-24,188.98387145996094,217.0,0.0,219.0,215.0,219.0,0.0,2158900
2023-02-27,186.37118530273438,214.0,0.0,218.0,212.0,217.0,0.0,2936600
2023-02-28,183.75851440429688,211.0,0.0,215.0,209.0,214.0,0.0,4056000
2023-03-01,183.75851440429688,211.0,0.0,214.0,210.0,211.0,0.0,2484200
2023-03-02,182.8876190185547,210.0,0.0,212.0,208.0,210.0,0.0,1802200
2023-03-03,182.8876190185547,210.0,0.0,212.0,209.0,210.0,0.0,2724900
2023-03-07,185.5002899169922,213.0,0.0,214.0,209.0,210.0,0.0,1734900
2023-03-08,188.11297607421875,216.0,0.0,216.0,212.0,212.0,0.0,2657600
2023-03-09,187.24209594726562,215.0,0.0,216.0,214.0,215.0,0.0,1657200
2023-03-10,187.24209594726562,215.0,0.0,217.0,214.0,214.0,0.0,1415600
2023-03-13,184.90872192382812,210.0,2.35,214.0,209.0,212.0,0.0,2179800
2023-03-14,180.50613403320312,205.0,0.0,212.0,204.0,209.0,0.0,3966300
2023-03-15,186.6697540283203,212.0,0.0,214.0,207.0,207.0,0.0,3029200
2023-03-16,186.6697540283203,212.0,0.0,212.0,206.0,209.0,0.0,1931900
2023-03-17,187.55026245117188,213.0,0.0,213.0,210.0,210.0,0.0,1252000
2023-03-20,185.7892303466797,211.0,0.0,214.0,209.0,213.0,0.0,1570900
2023-03-21,187.55026245117188,213.0,0.0,214.0,210.0,212.0,0.0,1426700
2023-03-22,188.4307861328125,214.0,0.0,215.0,213.0,214.0,0.0,866600
2023-03-23,190.1918182373047,216.0,0.0,216.0,213.0,214.0,0.0,1463100
2023-03-24,191.0723419189453,217.0,0.0,218.0,214.0,216.0,0.0,1690000
2023-03-27,190.1918182373047,216.0,0.0,217.0,215.0,216.0,0.0,632400
2023-03-28,192.8333740234375,219.0,0.0,219.0,215.0,217.0,0.0,1496900
2023-03-29,196.35545349121094,223.0,0.0,223.0,219.0,220.0,0.0,3059800
2023-03-30,194.59442138671875,221.0,0.0,222.0,220.0,222.0,0.0,1110400
2023-03-31,198.9970245361328,226.0,0.0,226.0,220.0,220.0,0.0,2314200
2023-04-03,198.9970245361328,226.0,0.0,228.0,224.0,226.0,0.0,1718500
2023-04-04,199.87753295898438,227.0,0.0,229.0,225.0,226.0,0.0,1417200
2023-04-05,201.6385498046875,229.0,0.0,232.0,227.0,229.0,0.0,2530700
2023-04-07,202.51905822753906,230.0,0.0,230.0,226.0,228.0,0.0,826300
2023-04-10,207.80218505859375,236.0,0.0,237.0,229.0,229.0,0.0,2562800
2023-04-11,206.92166137695312,235.0,0.0,238.0,231.0,236.0,0.0,2974900
2023-04-12,206.04115295410156,234.0,0.0,238.0,232.0,235.0,0.0,2574300
2023-04-17,208.6826934814453,237.0,0.0,238.0,234.0,236.0,0.0,1359500
2023-04-18,213.96578979492188,243.0,0.0,243.0,236.0,236.0,0.0,3065000
2023-04-19,213.96578979492188,243.0,0.0,248.0,242.0,244.0,0.0,2990400
2023-04-20,213.08529663085938,242.0,0.0,242.0,239.0,241.0,0.0,1951800
2023-04-21,211.32424926757812,240.0,0.0,241.0,236.0,240.0,0.0,2370600
2023-04-24,207.80218505859375,236.0,0.0,241.0,234.0,240.0,0.0,1755800
2023-04-25,213.08529663085938,242.0,0.0,242.0,236.0,236.0,0.0,3589400
2023-04-26,212.20477294921875,241.0,0.0,241.0,236.0,239.0,0.0,1660400
2023-04-27,209.56320190429688,238.0,0.0,244.0,238.0,243.0,0.0,1601500
2023-04-28,209.56320190429688,238.0,0.0,244.0,233.0,241.0,0.0,3197200
2023-05-02,210.44375610351562,239.0,0.0,240.0,236.0,238.0,0.0,1219700
2023-05-03,213.96578979492188,243.0,0.0,243.0,237.0,238.0,0.0,1997700
2023-05-08,221.0099639892578,251.0,0.0,256.0,247.0,248.0,0.0,3812800
2023-05-09,215.7268524169922,245.0,0.0,252.0,244.0,252.0,0.0,2429200
2023-05-10,214.84632873535156,244.0,0.0,246.0,241.0,243.0,0.0,1410100
2023-05-11,212.20477294921875,241.0,0.0,249.0,240.0,249.0,0.0,2226200
2023-05-12,216.60736083984375,246.0,0.0,247.0,242.0,243.0,0.0,2092300
2023-05-15,219.2489013671875,249.0,0.0,250.0,244.0,248.0,0.0,1819900
2023-05-16,214.84632873535156,244.0,0.0,249.0,243.0,247.0,0.0,1290800
2023-05-17,211.32424926757812,240.0,0.0,245.0,239.0,245.0,0.0,1451500
2023-05-18,208.6826934814453,237.0,0.0,241.0,233.0,241.0,0.0,2082100
2023-05-19,206.04115295410156,234.0,0.0,237.0,233.0,235.0,0.0,1683800
2023-05-22,205.1605987548828,233.0,0.0,235.0,228.0,231.0,0.0,2461600
2023-05-23,206.04115295410156,234.0,0.0,235.0,230.0,231.0,0.0,1680400
2023-05-24,204.28012084960938,232.0,0.0,234.0,231.0,232.0,0.0,960300
2023-05-25,204.28012084960938,232.0,0.0,234.0,229.0,231.0,0.0,1648500
2023-05-26,201.6385498046875,229.0,0.0,232.0,229.0,231.0,0.0,712700
2023-05-29,198.9970245361328,226.0,0.0,231.0,225.0,230.0,0.0,2367700
2023-05-30,199.87753295898438,227.0,0.0,228.0,223.0,226.0,0.0,3973700
2023-05-31,196.35545349121094,223.0,0.0,227.0,220.0,224.0,0.0,2654800
2023-06-01,199.87753295898438,227.0,0.0,229.0,222.0,222.0,0.0,1957100
2023-06-02,202.51905822753906,230.0,0.0,234.0,227.0,227.0,0.0,2739100
2023-06-06,206.04115295410156,234.0,0.0,235.0,231.0,235.0,0.0,1405300
2023-06-07,206.04115295410156,234.0,0.0,235.0,232.0,235.0,0.0,1669300
2023-06-08,205.1605987548828,233.0,0.0,235.0,232.0,235.0,0.0,1701500
2023-06-09,206.92166137695312,235.0,0.0,238.0,232.0,233.0,0.0,1850200
2023-06-12,204.28012084960938,232.0,0.0,235.0,231.0,234.0,0.0,1018200
2023-06-13,207.80218505859375,236.0,0.0,236.0,231.0,231.0,0.0,1347100
2023-06-14,205.1605987548828,233.0,0.0,236.0,231.0,235.0,0.0,1001800
2023-06-15,206.92166137695312,235.0,0.0,235.0,232.0,232.0,0.0,1086600
2023-06-16,201.6385498046875,229.0,0.0,236.0,227.0,233.0,0.0,2257300
2023-06-19,199.87753295898438,227.0,0.0,230.0,225.0,228.0,0.0,573100
2023-06-20,200.75802612304688,228.0,0.0,231.0,227.0,230.0,0.0,768100
2023-06-21,198.9970245361328,226.0,0.0,229.0,225.0,227.0,0.0,1111700
2023-06-22,204.28012084960938,232.0,0.0,233.0,224.0,226.0,0.0,1879100
2023-06-23,201.6385498046875,229.0,0.0,231.0,227.0,230.0,0.0,1260300
2023-06-26,198.11648559570312,225.0,0.0,229.0,225.0,226.0,0.0,1003200
2023-06-27,198.9970245361328,226.0,0.0,228.0,225.0,226.0,0.0,1007200
2023-06-28,196.35545349121094,223.0,0.0,228.0,222.0,226.0,0.0,1317800
2023-06-29,195.47496032714844,222.0,0.0,226.0,220.0,222.0,0.0,2231400
2023-06-30,198.9970245361328,226.0,0.0,228.0,222.0,224.0,0.0,1789900
2023-07-03,199.87753295898438,227.0,0.0,228.0,225.0,227.0,0.0,537300
2023-07-04,198.11648559570312,225.0,0.0,226.0,222.0,226.0,0.0,1661700
2023-07-05,196.35545349121094,223.0,0.0,226.0,223.0,224.0,0.0,488900
2023-07-06,196.35545349121094,223.0,0.0,223.0,220.0,223.0,0.0,1728300
2023-07-07,193.7139129638672,220.0,0.0,223.0,220.0,221.0,0.0,883800
2023-07-10,192.8333740234375,219.0,0.0,221.0,218.0,220.0,0.0,1503500
2023-07-11,190.1918182373047,216.0,0.0,218.0,213.0,218.0,0.0,3402200
2023-07-12,191.95285034179688,218.0,0.0,220.0,214.0,215.0,0.0,1889700
2023-07-13,189.31130981445312,215.0,0.0,218.0,214.0,218.0,0.0,1586500
2023-07-14,193.7139129638672,220.0,0.0,220.0,215.0,215.0,0.0,1451800
2023-07-17,195.47496032714844,222.0,0.0,225.0,220.0,221.0,0.0,1665500
2023-07-18,193.7139129638672,220.0,0.0,223.0,219.0,222.0,0.0,1315200
2023-07-19,195.47496032714844,222.0,0.0,224.0,220.0,221.0,0.0,1536600
2023-07-20,191.95285034179688,218.0,0.0,221.0,217.0,220.0,0.0,1659800
2023-07-21,192.8333740234375,219.0,0.0,221.0,217.0,217.0,0.0,1466100
2023-07-24,191.0723419189453,217.0,0.0,220.0,216.0,219.0,0.0,1216700
2023-07-25,189.31130981445312,215.0,0.0,217.0,213.0,217.0,0.0,2321200
2023-07-26,188.4307861328125,214.0,0.0,218.0,214.0,215.0,0.0,1183700
2023-07-27,190.1918182373047,216.0,0.0,217.0,213.0,214.0,0.0,1796800
2023-07-31,190.1918182373047,216.0,0.0,217.0,214.0,215.0,0.0,725000
2023-08-02,187.55026245117188,213.0,0.0,215.0,210.0,214.0,0.0,2981800
2023-08-03,191.95285034179688,218.0,0.0,220.0,211.0,212.0,0.0,4094600
2023-08-04,197.23594665527344,224.0,0.0,228.0,221.0,222.0,0.0,4645000
2023-08-07,198.11648559570312,225.0,0.0,228.0,223.0,225.0,0.0,2453500
2023-08-08,199.87753295898438,227.0,0.0,229.0,225.0,225.0,0.0,2391200
2023-08-09,201.6385498046875,229.0,0.0,230.0,223.0,224.0,0.0,3504400
2023-08-10,216.60736083984375,246.0,0.0,248.0,239.0,239.0,0.0,11443700
2023-08-11,215.7268524169922,245.0,0.0,250.0,244.0,246.0,0.0,6495200
2023-08-15,218.368408203125,248.0,0.0,250.0,245.0,245.0,0.0,3291900
2023-08-16,219.2489013671875,249.0,0.0,250.0,245.0,247.0,0.0,2053200
2023-08-17,228.93460083007812,260.0,0.0,266.0,256.0,256.0,0.0,6796400
2023-08-18,229.8151397705078,261.0,0.0,264.0,259.0,260.0,0.0,4005900
2023-08-21,228.05409240722656,259.0,0.0,264.0,258.0,261.0,0.0,2667100
2023-08-22,228.93460083007812,260.0,0.0,262.0,258.0,260.0,0.0,2421900
2023-08-23,228.05409240722656,259.0,0.0,265.0,257.0,260.0,0.0,4190100
2023-08-24,230.1341552734375,260.0,1.35,262.0,256.0,259.0,0.0,2784700
2023-08-25,228.3638916015625,258.0,0.0,260.0,256.0,258.0,0.0,1328600
2023-08-28,225.70848083496094,255.0,0.0,260.0,254.0,260.0,0.0,1441400
2023-08-29,227.47877502441406,257.0,0.0,259.0,255.0,256.0,0.0,1505300
2023-08-30,227.47877502441406,257.0,0.0,260.0,255.0,256.0,0.0,1538400
2023-08-31,229.2490234375,259.0,0.0,257.0,255.0,256.0,0.0,1065600
2023-09-01,225.70848083496094,255.0,0.0,260.0,252.0,260.0,0.0,1197800
2023-09-04,224.82334899902344,254.0,0.0,257.0,254.0,257.0,0.0,631200
2023-09-05,225.70848083496094,255.0,0.0,256.0,253.0,254.0,0.0,748000
2023-09-06,226.59361267089844,256.0,0.0,257.0,253.0,253.0,0.0,1058100
2023-09-07,226.59361267089844,256.0,0.0,257.0,253.0,256.0,0.0,1153600
2023-09-08,225.70848083496094,255.0,0.0,256.0,252.0,255.0,0.0,1357900
2023-09-11,235.44496154785156,266.0,0.0,267.0,257.0,258.0,0.0,5322600
2023-09-12,228.3638916015625,258.0,0.0,266.0,258.0,265.0,0.0,4352600
2023-09-13,231.9044189453125,262.0,0.0,263.0,257.0,258.0,0.0,3736200
2023-09-14,231.01930236816406,261.0,0.0,263.0,259.0,262.0,0.0,986300
2023-09-15,228.3638916015625,258.0,0.0,262.0,258.0,261.0,0.0,970400
2023-09-18,231.9044189453125,262.0,0.0,263.0,258.0,259.0,0.0,1170100
2023-09-19,231.01930236816406,261.0,0.0,262.0,259.0,261.0,0.0,1426100
2023-09-20,227.47877502441406,257.0,0.0,262.0,254.0,260.0,0.0,2077500
2023-09-21,228.3638916015625,258.0,0.0,261.0,257.0,257.0,0.0,1139500
2023-09-22,234.55979919433594,265.0,0.0,266.0,258.0,258.0,0.0,3503500
2023-09-25,233.6746826171875,264.0,0.0,266.0,263.0,265.0,0.0,1465100
2023-09-26,236.330078125,267.0,0.0,270.0,262.0,264.0,0.0,2759100
2023-09-27,235.44496154785156,266.0,0.0,266.0,263.0,264.0,0.0,1843800
2023-09-28,236.330078125,267.0,0.0,270.0,264.0,264.0,0.0,2123500
2023-09-29,237.21519470214844,268.0,0.0,272.0,269.0,270.0,0.0,3629000
2023-10-02,237.21519470214844,268.0,0.0,271.0,267.0,268.0,0.0,1195900
2023-10-03,234.55979919433594,265.0,0.0,268.0,262.0,267.0,0.0,2707800
2023-10-04,233.6746826171875,264.0,0.0,267.0,262.0,262.0,0.0,1032700
2023-10-05,232.78953552246094,263.0,0.0,264.0,261.0,264.0,0.0,1368200
2023-10-06,229.2490234375,259.0,0.0,264.0,257.0,263.0,0.0,1707200
2023-10-09,225.70848083496094,255.0,0.0,259.0,253.0,255.0,0.0,2744500
2023-10-10,224.82334899902344,254.0,0.0,258.0,253.0,257.0,0.0,1738000
2023-10-11,232.78953552246094,263.0,0.0,264.0,256.0,256.0,0.0,2709700
2023-10-12,233.6746826171875,264.0,0.0,266.0,259.0,263.0,0.0,1884800
2023-10-16,228.3638916015625,258.0,0.0,263.0,256.0,262.0,0.0,2034000
2023-10-17,229.2490234375,259.0,0.0,262.0,259.0,259.0,0.0,1134800
2023-10-18,233.6746826171875,264.0,0.0,265.0,259.0,259.0,0.0,1266200
2023-10-19,231.9044189453125,262.0,0.0,264.0,260.0,262.0,0.0,719300
2023-10-20,231.01930236816406,261.0,0.0,263.0,259.0,262.0,0.0,897000
2023-10-24,231.01930236816406,261.0,0.0,264.0,261.0,261.0,0.0,1476200
2023-10-25,232.78953552246094,263.0,0.0,264.0,260.0,261.0,0.0,990800
2023-10-26,228.3638916015625,258.0,0.0,263.0,256.0,261.0,0.0,2714100
2023-10-27,226.59361267089844,256.0,0.0,260.0,252.0,259.0,0.0,2697500
2023-10-30,229.2490234375,259.0,0.0,260.0,254.0,254.0,0.0,1422600
2023-10-31,230.1341552734375,260.0,0.0,261.0,256.0,258.0,0.0,2321000
2023-11-01,230.1341552734375,260.0,0.0,262.0,256.0,261.0,0.0,2140000
2023-11-02,226.59361267089844,256.0,0.0,260.0,253.0,260.0,0.0,3555400
2023-11-03,227.47877502441406,257.0,0.0,260.0,255.0,257.0,0.0,1851300
2023-11-06,219.5125732421875,248.0,0.0,258.0,248.0,257.0,0.0,5193100
2023-11-07,223.0531005859375,252.0,0.0,254.0,247.0,248.0,0.0,3205400
2023-11-08,220.397705078125,249.0,0.0,252.0,248.0,251.0,0.0,1786800
2023-11-09,206.23558044433594,233.0,0.0,243.0,231.0,243.0,0.0,13859200
2023-11-10,203.5802001953125,230.0,0.0,233.0,225.0,232.0,0.0,4748100
2023-11-13,202.69508361816406,229.0,0.0,232.0,226.0,230.0,0.0,2549100
2023-11-14,200.92481994628906,227.0,0.0,231.0,225.0,227.0,0.0,3615400
2023-11-15,199.15455627441406,225.0,0.0,229.0,223.0,229.0,0.0,4030600
2023-11-16,195.61402893066406,221.0,0.0,224.0,219.0,222.0,0.0,4979900
2023-11-17,193.84375,219.0,0.0,222.0,216.0,220.0,0.0,3911900
2023-11-20,199.15455627441406,225.0,0.0,226.0,220.0,220.0,0.0,4304200
2023-11-21,197.38429260253906,223.0,0.0,226.0,223.0,225.0,0.0,2446900
2023-11-22,196.49917602539062,222.0,0.0,227.0,222.0,225.0,0.0,3497300
2023-11-23,195.61402893066406,221.0,0.0,224.0,220.0,224.0,0.0,1539100
2023-11-24,192.07350158691406,217.0,0.0,222.0,217.0,221.0,0.0,2978900
2023-11-27,193.84375,219.0,0.0,221.0,217.0,218.0,0.0,3497000
2023-11-28,193.84375,219.0,0.0,221.0,216.0,220.0,0.0,2275000
2023-11-29,191.1883544921875,216.0,0.0,221.0,216.0,219.0,0.0,1849800
2023-11-30,197.38429260253906,223.0,0.0,225.0,217.0,219.0,0.0,6589500
2023-12-01,195.61402893066406,221.0,0.0,223.0,220.0,223.0,0.0,2233900
2023-12-04,194.72889709472656,220.0,0.0,221.0,219.0,221.0,0.0,1343300
2023-12-06,192.07350158691406,217.0,0.0,222.0,215.0,222.0,0.0,4672900
2023-12-07,192.07350158691406,217.0,0.0,218.0,215.0,216.0,0.0,1790200
2023-12-08,189.41812133789062,214.0,0.0,218.0,214.0,217.0,0.0,2048600
2023-12-12,188.532958984375,213.0,0.0,216.0,212.0,216.0,0.0,1241500
2023-12-13,189.41812133789062,214.0,0.0,216.0,213.0,213.0,0.0,2034200
2023-12-14,191.1883544921875,216.0,0.0,217.0,214.0,217.0,0.0,2679800
2023-12-15,192.95863342285156,218.0,0.0,221.0,215.0,217.0,0.0,4897300
2023-12-18,194.72889709472656,220.0,0.0,221.0,217.0,217.0,0.0,1881300
2023-12-19,192.95863342285156,218.0,0.0,220.0,216.0,219.0,0.0,1695200
2023-12-20,190.30323791503906,215.0,0.0,217.0,213.0,216.0,0.0,2540800
2023-12-21,192.95863342285156,218.0,0.0,220.0,215.0,215.0,0.0,1425200
2023-12-22,191.1883544921875,216.0,0.0,218.0,214.0,217.0,0.0,2276200
2023-12-25,191.1883544921875,216.0,0.0,217.0,215.0,216.0,0.0,447900
2023-12-26,196.49917602539062,222.0,0.0,223.0,216.0,216.0,0.0,3407800
2023-12-27,194.72889709472656,220.0,0.0,224.0,220.0,222.0,0.0,1185900
2023-12-28,196.49917602539062,222.0,0.0,225.0,221.0,222.0,0.0,2434400
2024-01-03,196.49917602539062,222.0,0.0,225.0,222.0,223.0,0.0,2492300
2024-01-04,198.2694091796875,224.0,0.0,226.0,222.0,222.0,0.0,3682300
2024-01-05,200.92481994628906,227.0,0.0,230.0,224.0,224.0,0.0,4386200
2024-01-08,200.03968811035156,226.0,0.0,227.0,222.0,227.0,0.0,2252300
2024-01-09,201.8099365234375,228.0,0.0,229.0,224.0,226.0,0.0,2905600
2024-01-10,208.00587463378906,235.0,0.0,238.0,229.0,230.0,0.0,7231800
2024-01-11,210.6612548828125,238.0,0.0,238.0,234.0,236.0,0.0,2572000
2024-01-12,211.54640197753906,239.0,0.0,239.0,236.0,238.0,0.0,2120600
2024-01-15,209.77613830566406,237.0,0.0,239.0,234.0,239.0,0.0,2028100
2024-01-16,209.77613830566406,237.0,0.0,239.0,236.0,237.0,0.0,1627800
2024-01-17,208.00587463378906,235.0,0.0,237.0,230.0,237.0,0.0,5373500
2024-01-18,208.00587463378906,235.0,0.0,237.0,232.0,235.0,0.0,3254600
2024-01-19,212.43153381347656,240.0,0.0,242.0,236.0,236.0,0.0,3224900
2024-01-22,214.2017822265625,242.0,0.0,244.0,239.0,241.0,0.0,2518400
2024-01-23,210.6612548828125,238.0,0.0,244.0,237.0,244.0,0.0,1442800
2024-01-24,212.43153381347656,240.0,0.0,241.0,238.0,238.0,0.0,1981700
2024-01-25,212.43153381347656,240.0,0.0,242.0,238.0,240.0,0.0,1347900
2024-01-26,211.54640197753906,239.0,0.0,241.0,236.0,240.0,0.0,1979200
2024-01-29,213.31663513183594,241.0,0.0,243.0,239.0,240.0,0.0,2074300
2024-01-30,214.2017822265625,242.0,0.0,242.0,239.0,240.0,0.0,1670300
2024-01-31,212.43153381347656,240.0,0.0,241.0,235.0,240.0,0.0,5013500
2024-02-01,212.43153381347656,240.0,0.0,243.0,240.0,241.0,0.0,2270200
2024-02-02,214.2017822265625,242.0,0.0,242.0,238.0,241.0,0.0,1436100
2024-02-05,211.54640197753906,239.0,0.0,242.0,239.0,241.0,0.0,1284900
2024-02-06,214.2017822265625,242.0,0.0,244.0,239.0,240.0,0.0,1568000
2024-02-07,214.2017822265625,242.0,0.0,244.0,240.0,242.0,0.0,1446300
2024-02-08,213.31663513183594,241.0,0.0,243.0,240.0,242.0,0.0,1817200
2024-02-09,216.857177734375,245.0,0.0,249.0,241.0,241.0,0.0,3265800
2024-02-12,215.0869140625,243.0,0.0,246.0,242.0,244.0,0.0,1339300
2024-02-13,217.7423095703125,246.0,0.0,246.0,243.0,246.0,0.0,562100
2024-02-14,215.97203063964844,244.0,0.0,247.0,242.0,244.0,0.0,1163300
2024-02-15,218.62744140625,247.0,0.0,247.0,244.0,245.0,0.0,1487300
2024-02-16,215.0869140625,243.0,0.0,247.0,241.0,247.0,0.0,1336500
2024-02-19,215.0869140625,243.0,0.0,244.0,240.0,242.0,0.0,643200
2024-02-20,215.97203063964844,244.0,0.0,246.0,242.0,243.0,0.0,1961100
2024-02-21,214.2017822265625,242.0,0.0,247.0,240.0,244.0,0.0,2836500
2024-02-22,210.6612548828125,238.0,0.0,241.0,232.0,240.0,0.0,5627400
2024-02-23,208.00587463378906,235.0,0.0,239.0,234.0,238.0,0.0,1950200
2024-02-27,207.12074279785156,234.0,0.0,236.0,232.0,235.0,0.0,2557300
2024-02-28,200.03968811035156,226.0,0.0,235.0,226.0,235.0,0.0,5224900
2024-02-29,198.2694091796875,224.0,0.0,228.0,222.0,226.0,0.0,4434900
2024-03-01,200.03968811035156,226.0,0.0,228.0,224.0,225.0,0.0,2777300
2024-03-04,202.69508361816406,229.0,0.0,231.0,227.0,227.0,0.0,3928100
2024-03-05,201.8099365234375,228.0,0.0,230.0,226.0,228.0,0.0,1846000
2024-03-06,204.46534729003906,231.0,0.0,234.0,228.0,229.0,0.0,3966600
2024-03-07,202.69508361816406,229.0,0.0,233.0,227.0,232.0,0.0,2278000
2024-03-08,203.5802001953125,230.0,0.0,230.0,228.0,228.0,0.0,1692200
2024-03-11,201.8099365234375,228.0,0.0,230.0,228.0,229.0,0.0,1182800
2024-03-12,201.8099365234375,228.0,0.0,228.0,228.0,228.0,0.0,0
2024-03-13,201.944580078125,225.0,3.15,228.0,224.0,225.0,0.0,1611300
2024-03-14,206.43222045898438,230.0,0.0,231.0,225.0,225.0,0.0,3240800
2024-03-15,206.43222045898438,230.0,0.0,230.0,230.0,230.0,0.0,0
2024-03-18,207.32977294921875,231.0,0.0,232.0,228.0,229.0,0.0,2392500
2024-03-19,208.227294921875,232.0,0.0,234.0,230.0,230.0,0.0,3641500
2024-03-20,208.227294921875,232.0,0.0,232.0,232.0,232.0,0.0,0
2024-03-21,206.43222045898438,230.0,0.0,231.0,227.0,231.0,0.0,3508600
2024-03-22,206.43222045898438,230.0,0.0,230.0,230.0,230.0,0.0,0
2024-03-25,199.2519989013672,222.0,0.0,227.0,221.0,227.0,0.0,5623900
2024-03-26,199.2519989013672,222.0,0.0,222.0,222.0,222.0,0.0,0
2024-03-27,201.04702758789062,224.0,0.0,226.0,222.0,224.0,0.0,2559400
2024-03-28,201.04702758789062,224.0,0.0,224.0,224.0,224.0,0.0,0
2024-03-29,201.04702758789062,224.0,0.0,226.0,224.0,224.0,0.0,1047100
2024-04-01,202.84210205078125,226.0,0.0,227.0,223.0,224.0,0.0,1018200
2024-04-02,201.944580078125,225.0,0.0,227.0,224.0,226.0,0.0,691200
2024-04-03,200.14950561523438,223.0,0.0,226.0,223.0,225.0,0.0,2209800
2024-04-04,203.73963928222656,227.0,0.0,228.0,221.0,223.0,0.0,2234300
2024-04-05,206.43222045898438,230.0,0.0,231.0,227.0,228.0,0.0,4145800
2024-04-09,208.227294921875,232.0,0.0,232.0,227.0,231.0,0.0,3612900
2024-04-10,207.32977294921875,231.0,0.0,232.0,228.0,232.0,0.0,2108400
2024-04-11,203.73963928222656,227.0,0.0,231.0,227.0,230.0,0.0,1808600
2024-04-17,203.73963928222656,227.0,0.0,227.0,227.0,227.0,0.0,0
2024-04-18,203.73963928222656,227.0,0.0,227.0,227.0,227.0,0.0,0
2024-04-19,203.73963928222656,227.0,0.0,227.0,227.0,227.0,0.0,0
2024-04-22,201.944580078125,225.0,0.0,226.0,223.0,226.0,0.0,1544400
2024-04-23,203.73963928222656,227.0,0.0,231.0,225.0,225.0,0.0,2892400
2024-04-24,203.73963928222656,227.0,0.0,227.0,227.0,227.0,0.0,0
2024-04-25,227.07545471191406,253.0,0.0,265.0,240.0,241.0,0.0,20175600
2024-04-26,222.58779907226562,248.0,0.0,252.0,246.0,251.0,0.0,3983300
2024-04-29,220.792724609375,246.0,0.0,251.0,245.0,251.0,0.0,3367300
2024-04-30,220.792724609375,246.0,0.0,246.0,246.0,246.0,0.0,0
2024-05-02,218.10012817382812,243.0,0.0,247.0,241.0,244.0,0.0,3391500
2024-05-03,225.28038024902344,251.0,0.0,254.0,244.0,247.0,0.0,4078300
2024-05-07,225.28038024902344,251.0,0.0,251.0,251.0,251.0,0.0,0
2024-05-08,224.38284301757812,250.0,0.0,254.0,250.0,253.0,0.0,1765400
2024-05-09,223.48532104492188,249.0,0.0,252.0,248.0,250.0,0.0,1080000
2024-05-10,227.9729766845703,254.0,0.0,255.0,251.0,253.0,0.0,2690300
2024-05-13,231.5631103515625,258.0,0.0,259.0,252.0,255.0,0.0,3067500
2024-05-14,229.76803588867188,256.0,0.0,258.0,254.0,258.0,0.0,1652500
2024-05-15,227.07545471191406,253.0,0.0,256.0,253.0,256.0,0.0,1674900
2024-05-16,227.07545471191406,253.0,0.0,253.0,253.0,253.0,0.0,0
2024-05-17,224.38284301757812,250.0,0.0,254.0,248.0,253.0,0.0,2700200
2024-05-20,224.38284301757812,250.0,0.0,250.0,250.0,250.0,0.0,0
2024-05-21,224.38284301757812,250.0,0.0,250.0,250.0,250.0,0.0,0
2024-05-23,224.38284301757812,250.0,0.0,251.0,248.0,248.0,0.0,1803800
2024-05-24,224.38284301757812,250.0,0.0,250.0,250.0,250.0,0.0,0
2024-05-27,224.38284301757812,250.0,0.0,250.0,250.0,250.0,0.0,0
2024-05-28,223.48532104492188,249.0,0.0,251.0,247.0,249.0,0.0,1058200
2024-05-29,219.89520263671875,245.0,0.0,248.0,245.0,247.0,0.0,1971100
2024-05-30,219.89520263671875,245.0,0.0,245.0,245.0,245.0,0.0,0
2024-05-31,219.89520263671875,245.0,0.0,245.0,245.0,245.0,0.0,0
2024-06-04,217.20260620117188,242.0,0.0,245.0,241.0,242.0,0.0,1385600
2024-06-05,217.20260620117188,242.0,0.0,242.0,242.0,242.0,0.0,0
2024-06-06,218.99765014648438,244.0,0.0,246.0,240.0,242.0,0.0,1859200
2024-06-07,218.99765014648438,244.0,0.0,246.0,243.0,244.0,0.0,1109500
2024-06-10,214.51002502441406,239.0,0.0,243.0,239.0,243.0,0.0,2116100
2024-06-11,215.4075469970703,240.0,0.0,242.0,239.0,240.0,0.0,2353600
2024-06-12,218.10012817382812,243.0,0.0,245.0,238.0,240.0,0.0,2516300
2024-06-13,218.10012817382812,243.0,0.0,245.0,241.0,244.0,0.0,1371400
2024-06-14,215.4075469970703,240.0,0.0,244.0,240.0,243.0,0.0,1330000
2024-06-17,217.20260620117188,242.0,0.0,242.0,239.0,241.0,0.0,801300
2024-06-18,217.20260620117188,242.0,0.0,242.0,242.0,242.0,0.0,0
2024-06-19,217.20260620117188,242.0,0.0,242.0,242.0,242.0,0.0,0
2024-06-20,210.91989135742188,235.0,0.0,239.0,234.0,237.0,0.0,1654300
2024-06-21,209.1248016357422,233.0,0.0,236.0,232.0,235.0,0.0,4063300
2024-06-24,209.1248016357422,233.0,0.0,233.0,233.0,233.0,0.0,0
2024-06-25,209.1248016357422,233.0,0.0,233.0,233.0,233.0,0.0,0
2024-06-26,209.1248016357422,233.0,0.0,233.0,233.0,233.0,0.0,0
2024-06-27,225.28038024902344,251.0,0.0,252.0,243.0,245.0,0.0,4229300
2024-06-28,221.6902618408203,247.0,0.0,251.0,246.0,250.0,0.0,2350300
2024-07-01,221.6902618408203,247.0,0.0,247.0,247.0,247.0,0.0,0
2024-07-02,221.6902618408203,247.0,0.0,247.0,247.0,247.0,0.0,0
2024-07-03,220.792724609375,246.0,0.0,246.0,243.0,244.0,0.0,1703000
2024-07-04,220.792724609375,246.0,0.0,249.0,243.0,243.0,0.0,1705600
2024-07-05,221.6902618408203,247.0,0.0,248.0,245.0,247.0,0.0,1537500
2024-07-08,221.6902618408203,247.0,0.0,248.0,245.0,247.0,0.0,1666200
2024-07-09,221.6902618408203,247.0,0.0,247.0,247.0,247.0,0.0,0
2024-07-10,221.6902618408203,247.0,0.0,247.0,247.0,247.0,0.0,0
2024-07-11,221.6902618408203,247.0,0.0,247.0,247.0,247.0,0.0,0
2024-07-12,221.6902618408203,247.0,0.0,247.0,247.0,247.0,0.0,0
2024-07-15,221.6902618408203,247.0,0.0,247.0,247.0,247.0,0.0,0
2024-07-16,221.6902618408203,247.0,0.0,250.0,245.0,250.0,0.0,2571800
2024-07-17,221.6902618408203,247.0,0.0,247.0,247.0,247.0,0.0,0
2024-07-18,222.58779907226562,248.0,0.0,255.0,247.0,249.0,0.0,3565600
2024-07-19,222.58779907226562,248.0,0.0,248.0,248.0,248.0,0.0,0
2024-07-23,221.6902618408203,247.0,0.0,250.0,246.0,250.0,0.0,1673000
2024-07-24,220.792724609375,246.0,0.0,247.0,243.0,247.0,0.0,1368600
2024-07-25,216.3050537109375,241.0,0.0,247.0,240.0,246.0,0.0,3251100
2024-07-26,219.89520263671875,245.0,0.0,245.0,242.0,242.0,0.0,2286600
2024-07-30,219.89520263671875,245.0,0.0,245.0,245.0,245.0,0.0,0
2024-07-31,220.792724609375,246.0,0.0,247.0,243.0,244.0,0.0,2031300
2024-08-01,221.6902618408203,247.0,0.0,247.0,245.0,247.0,0.0,1618000
2024-08-02,221.6902618408203,247.0,0.0,247.0,247.0,247.0,0.0,0
2024-08-05,219.89520263671875,245.0,0.0,246.0,244.0,246.0,0.0,1986200
2024-08-06,219.89520263671875,245.0,0.0,249.0,244.0,247.0,0.0,1837400
2024-08-07,229.76803588867188,256.0,0.0,258.0,247.0,248.0,0.0,6349800
2024-08-08,229.76803588867188,256.0,0.0,256.0,256.0,256.0,0.0,0
2024-08-09,227.07545471191406,253.0,0.0,254.0,248.0,249.0,0.0,2612200
2024-08-13,219.89520263671875,245.0,0.0,254.0,244.0,252.0,0.0,4451700
2024-08-14,219.89520263671875,245.0,0.0,247.0,242.0,246.0,0.0,2454000
2024-08-15,219.89520263671875,245.0,0.0,245.0,245.0,245.0,0.0,0
2024-08-16,218.10012817382812,243.0,0.0,246.0,243.0,243.0,0.0,1765600
2024-08-19,218.99765014648438,244.0,0.0,244.0,241.0,244.0,0.0,1743000
2024-08-20,219.89520263671875,245.0,0.0,246.0,243.0,244.0,0.0,1555000
2024-08-21,223.48532104492188,249.0,0.0,249.0,244.0,245.0,0.0,2263600
2024-08-22,223.48532104492188,249.0,0.0,249.0,249.0,249.0,0.0,0
2024-08-23,220.7709197998047,244.0,2.0,246.0,242.0,245.0,0.0,2200300
2024-08-26,221.6757354736328,245.0,0.0,245.0,242.0,244.0,0.0,1726400
2024-08-27,218.96133422851562,242.0,0.0,245.0,241.0,243.0,0.0,2412800
2024-08-28,220.7709197998047,244.0,0.0,244.0,241.0,243.0,0.0,1983700
2024-08-29,220.7709197998047,244.0,0.0,245.0,239.0,243.0,0.0,2335800
2024-08-30,221.6757354736328,245.0,0.0,246.0,243.0,244.0,0.0,4558200
2024-09-02,221.6757354736328,245.0,0.0,245.0,245.0,245.0,0.0,0
2024-09-03,221.6757354736328,245.0,0.0,245.0,245.0,245.0,0.0,0
2024-09-04,221.6757354736328,245.0,0.0,245.0,245.0,245.0,0.0,0
2024-09-05,238.86691284179688,264.0,0.0,264.0,250.0,251.0,0.0,7536200
2024-09-06,246.1053009033203,272.0,0.0,272.0,264.0,264.0,0.0,6578300
2024-09-09,246.1053009033203,272.0,0.0,272.0,272.0,272.0,0.0,0
2024-09-10,245.20053100585938,271.0,0.0,275.0,268.0,270.0,0.0,3157200
2024-09-11,244.2957000732422,270.0,0.0,274.0,264.0,267.0,0.0,30096500
2024-09-12,246.1053009033203,272.0,0.0,275.0,267.0,270.0,0.0,4519400
2024-09-13,247.91490173339844,274.0,0.0,284.0,273.0,274.0,0.0,6563900
2024-09-16,247.91490173339844,274.0,0.0,274.0,274.0,274.0,0.0,0
2024-09-17,247.91490173339844,274.0,0.0,274.0,274.0,274.0,0.0,0
2024-09-18,247.91490173339844,274.0,0.0,274.0,274.0,274.0,0.0,0
2024-09-19,247.91490173339844,274.0,0.0,274.0,274.0,274.0,0.0,0
2024-09-20,246.1053009033203,272.0,0.0,274.0,271.0,272.0,0.0,2745500
2024-09-23,247.91490173339844,274.0,0.0,277.0,271.0,272.0,0.0,2835300
2024-09-24,249.72450256347656,276.0,0.0,277.0,272.0,273.0,0.0,2551300
2024-09-25,248.81968688964844,275.0,0.0,277.0,274.0,276.0,0.0,1874900
2024-09-26,246.1053009033203,272.0,0.0,276.0,272.0,276.0,0.0,1467200
2024-09-27,246.1053009033203,272.0,0.0,272.0,272.0,272.0,0.0,0
2024-09-30,243.3909149169922,269.0,0.0,271.0,268.0,270.0,0.0,2011900
2024-10-01,243.3909149169922,269.0,0.0,269.0,269.0,269.0,0.0,0
2024-10-02,242.48609924316406,268.0,0.0,271.0,267.0,271.0,0.0,3276700
2024-10-03,237.96209716796875,263.0,0.0,268.0,262.0,266.0,0.0,4472300
2024-10-04,237.96209716796875,263.0,0.0,263.0,263.0,263.0,0.0,0
2024-10-07,242.48609924316406,268.0,0.0,270.0,262.0,264.0,0.0,2398600
2024-10-08,242.48609924316406,268.0,0.0,272.0,267.0,268.0,0.0,2339700
2024-10-09,244.2957000732422,270.0,0.0,274.0,269.0,269.0,0.0,2672800
2024-10-10,242.48609924316406,268.0,0.0,271.0,268.0,271.0,0.0,1150600
2024-10-11,242.48609924316406,268.0,0.0,268.0,268.0,268.0,0.0,0
2024-10-15,247.91490173339844,274.0,0.0,276.0,271.0,271.0,0.0,2721000
2024-10-16,247.91490173339844,274.0,0.0,274.0,274.0,274.0,0.0,0
2024-10-17,250.62930297851562,277.0,0.0,278.0,273.0,273.0,0.0,2480000
2024-10-18,251.53408813476562,278.0,0.0,280.0,275.0,275.0,0.0,1994700
2024-10-21,248.81968688964844,275.0,0.0,280.0,275.0,277.0,0.0,1544800
2024-10-22,248.81968688964844,275.0,0.0,275.0,275.0,275.0,0.0,0
2024-10-24,245.20053100585938,271.0,0.0,277.0,269.0,275.0,0.0,3807700
2024-10-25,245.20053100585938,271.0,0.0,271.0,271.0,271.0,0.0,0
2024-10-28,248.81968688964844,275.0,0.0,277.0,273.0,276.0,0.0,1747900
2024-10-29,248.81968688964844,275.0,0.0,275.0,275.0,275.0,0.0,0
2024-10-30,244.2957000732422,270.0,0.0,273.0,270.0,272.0,0.0,1523500
2024-10-31,246.1053009033203,272.0,0.0,272.0,269.0,271.0,0.0,1147100
2024-11-01,243.3909149169922,269.0,0.0,271.0,266.0,269.0,0.0,1951100
2024-11-04,243.3909149169922,269.0,0.0,272.0,269.0,271.0,0.0,840500
2024-11-05,244.2957000732422,270.0,0.0,271.0,268.0,269.0,0.0,1227100
2024-11-06,237.0573272705078,262.0,0.0,270.0,262.0,269.0,0.0,3113700
2024-11-07,216.2469482421875,239.0,0.0,245.0,226.0,230.0,0.0,23405500
2024-11-08,209.00856018066406,231.0,0.0,240.0,230.0,238.0,0.0,8615600
2024-11-11,203.5797576904297,225.0,0.0,231.0,222.0,231.0,0.0,7201200
2024-11-12,196.3413543701172,217.0,0.0,225.0,217.0,223.0,0.0,6783400
2024-11-13,202.67494201660156,224.0,0.0,224.0,215.0,215.0,0.0,11939200
2024-11-14,190.00775146484375,210.0,0.0,224.0,210.0,224.0,0.0,12860300
2024-11-15,187.29336547851562,207.0,0.0,210.0,204.0,206.0,0.0,12817300
2024-11-18,186.38858032226562,206.0,0.0,211.0,204.0,209.0,0.0,5676600
2024-11-19,189.10296630859375,209.0,0.0,215.0,206.0,207.0,0.0,8999500
2024-11-20,187.29336547851562,207.0,0.0,211.0,206.0,211.0,0.0,5266500
2024-11-21,187.29336547851562,207.0,0.0,210.0,206.0,208.0,0.0,4311700
2024-11-22,186.38858032226562,206.0,0.0,209.0,206.0,208.0,0.0,2641600
2024-11-25,187.29336547851562,207.0,0.0,215.0,207.0,208.0,0.0,10462600
2024-11-26,185.48379516601562,205.0,0.0,208.0,205.0,208.0,0.0,4314400
2024-11-27,184.5789794921875,204.0,0.0,206.0,198.5,205.0,0.0,6980200
2024-11-28,184.5789794921875,204.0,0.0,206.0,203.0,204.0,0.0,3409000
2024-11-29,188.1981658935547,208.0,0.0,210.0,205.0,205.0,0.0,5441100
2024-12-02,189.10296630859375,209.0,0.0,211.0,207.0,211.0,0.0,3530700
2024-12-03,191.81735229492188,212.0,0.0,212.0,209.0,209.0,0.0,3454100
2024-12-04,190.91256713867188,211.0,0.0,212.0,209.0,212.0,0.0,4519300
2024-12-06,190.00775146484375,210.0,0.0,213.0,209.0,212.0,0.0,4698400
2024-12-09,182.76937866210938,202.0,0.0,209.0,201.0,208.0,0.0,9282600
2024-12-11,180.5073699951172,199.5,0.0,202.0,198.5,201.0,0.0,6638800
2024-12-12,179.6025848388672,198.5,0.0,202.0,198.5,201.0,0.0,3134700
2024-12-13,174.6261749267578,193.0,0.0,198.0,190.5,198.0,0.0,9848700
2024-12-16,172.36419677734375,190.5,0.0,193.0,189.0,192.5,0.0,6201100
2024-12-17,167.84019470214844,185.5,0.0,192.0,184.5,190.5,0.0,7201600
2024-12-18,171.4593963623047,189.5,0.0,190.0,186.5,186.5,0.0,7119300
2024-12-19,172.81658935546875,191.0,0.0,196.5,187.0,187.5,0.0,7454600
2024-12-20,175.0785675048828,193.5,0.0,195.0,189.0,190.0,0.0,5137200
2024-12-23,178.69778442382812,197.5,0.0,198.0,193.0,194.0,0.0,3055700
2024-12-24,180.5073699951172,199.5,0.0,201.0,197.0,198.0,0.0,1863100
2024-12-25,179.15017700195312,198.0,0.0,201.0,198.0,201.0,0.0,2088400
2024-12-26,178.69778442382812,197.5,0.0,201.0,196.5,200.0,0.0,979100
2024-12-27,178.69778442382812,197.5,0.0,201.0,197.0,197.5,0.0,1880000
2024-12-30,180.5073699951172,199.5,0.0,201.0,198.0,198.0,0.0,2345700
2025-01-02,183.67417907714844,203.0,0.0,205.0,199.0,200.0,0.0,3108350
2025-01-03,182.76937866210938,202.0,0.0,205.0,201.0,204.0,0.0,1427900
2025-01-06,177.34059143066406,196.0,0.0,203.0,195.0,202.0,0.0,3476800
2025-01-07,178.24537658691406,197.0,0.0,198.5,196.0,196.0,0.0,1575500
2025-01-08,176.435791015625,195.0,0.0,197.0,190.5,197.0,0.0,4643300
2025-01-09,171.9117889404297,190.0,0.0,194.0,189.0,194.0,0.0,3378700
2025-01-10,171.00698852539062,189.0,0.0,191.0,185.5,186.0,0.0,4583600
2025-01-13,174.1737823486328,192.5,0.0,193.5,188.0,189.0,0.0,2458500
2025-01-14,171.9117889404297,190.0,0.0,194.5,190.0,192.0,0.0,1988100
2025-01-15,175.98336791992188,194.5,0.0,195.0,190.0,190.5,0.0,2672700
2025-01-16,175.0785675048828,193.5,0.0,196.5,192.5,195.0,0.0,2644300
2025-01-17,173.7213897705078,192.0,0.0,195.0,192.0,193.5,0.0,2070600
2025-01-20,172.36419677734375,190.5,0.0,193.5,190.0,193.0,0.0,1897600
2025-01-21,174.6261749267578,193.0,0.0,196.0,191.5,191.5,0.0,2147500
2025-01-22,172.81658935546875,191.0,0.0,193.0,188.0,193.0,0.0,4006600
2025-01-23,171.00698852539062,189.0,0.0,192.0,188.5,191.5,0.0,2785700
2025-01-24,168.29258728027344,186.0,0.0,188.0,185.0,188.0,0.0,4217300
2025-01-27,159.69700622558594,176.5,0.0,186.0,175.5,185.5,0.0,11578800
2025-01-28,160.14939880371094,177.0,0.0,180.5,177.0,177.5,0.0,3324500
2025-01-29,156.53021240234375,173.0,0.0,177.0,171.5,177.0,0.0,4429100
2025-01-30,159.69700622558594,176.5,0.0,178.0,173.5,174.0,0.0,4144100
2025-01-31,162.86380004882812,180.0,0.0,181.0,176.5,178.0,0.0,7132400
2025-02-03,158.79220581054688,175.5,0.0,178.0,175.0,176.0,0.0,2436800
2025-02-04,156.98260498046875,173.5,0.0,178.0,172.5,178.0,0.0,3154600
2025-02-05,157.8874053955078,174.5,0.0,178.0,174.0,175.0,0.0,3916900
2025-02-06,156.0778045654297,172.5,0.0,175.5,172.0,175.0,0.0,4100400
2025-02-07,161.05419921875,178.0,0.0,178.0,173.0,174.5,0.0,2760700
2025-02-10,156.98260498046875,173.5,0.0,177.5,173.0,177.5,0.0,3073000
2025-02-11,158.79220581054688,175.5,0.0,176.5,173.0,173.5,0.0,3048800
2025-02-13,158.33981323242188,175.0,0.0,176.5,173.5,176.0,0.0,3674900
2025-02-14,158.33981323242188,175.0,0.0,177.0,175.0,175.0,0.0,2239400
2025-02-17,165.5782012939453,183.0,0.0,184.5,176.5,178.5,0.0,5553500
2025-02-18,168.74501037597656,186.5,0.0,187.5,180.0,183.0,0.0,3962300
2025-02-19,167.38780212402344,185.0,0.0,187.0,182.0,186.5,0.0,4792700
2025-02-20,168.74501037597656,186.5,0.0,190.0,184.0,184.5,0.0,4103100
2025-02-21,169.64981079101562,187.5,0.0,189.0,184.0,185.0,0.0,3160200
2025-02-24,169.64981079101562,187.5,0.0,188.5,186.0,187.0,0.0,2503200
2025-02-25,166.0305938720703,183.5,0.0,186.5,182.0,186.5,0.0,3371700
2025-02-26,166.0305938720703,183.5,0.0,186.0,181.5,184.0,0.0,3370600
2025-02-27,174.6261749267578,193.0,0.0,196.0,186.0,190.0,0.0,11854300
2025-02-28,176.88818359375,195.5,0.0,198.5,190.5,191.0,0.0,10289600
2025-03-03,176.435791015625,195.0,0.0,197.0,194.0,196.5,0.0,3605600
2025-03-04,176.88818359375,195.5,0.0,198.5,193.5,193.5,0.0,2751000
2025-03-05,171.9117889404297,190.0,0.0,198.0,184.0,196.0,0.0,6644600
2025-03-06,161.05419921875,178.0,0.0,190.5,176.5,188.0,0.0,8864100
2025-03-07,160.14939880371094,177.0,0.0,181.0,176.5,179.0,0.0,3919600
2025-03-10,157.43502807617188,174.0,0.0,178.0,174.0,177.5,0.0,2643800
2025-03-11,161.50660705566406,178.5,0.0,178.5,174.0,174.5,0.0,3948000
2025-03-12,157.8874053955078,174.5,0.0,178.0,172.5,177.5,0.0,5796500
2025-03-13,156.53021240234375,173.0,0.0,176.0,172.5,174.5,0.0,3062000
2025-03-14,159.24461364746094,176.0,0.0,177.5,173.0,173.5,0.0,2611600
2025-03-17,157.43502807617188,174.0,0.0,177.0,174.0,176.5,0.0,2551800
2025-03-18,162.86380004882812,180.0,0.0,181.5,175.0,175.0,0.0,4999700
2025-03-19,164.70407104492188,179.0,3.0,182.0,176.0,178.0,0.0,3726900
2025-03-20,163.32388305664062,177.5,0.0,180.5,176.5,179.5,0.0,3202700
2025-03-21,160.56346130371094,174.5,0.0,178.0,174.0,177.0,0.0,3325900
2025-03-24,161.4835968017578,175.5,0.0,176.5,173.5,174.5,0.0,1136000
2025-03-25,161.02352905273438,175.0,0.0,176.5,174.0,176.5,0.0,2461100
2025-03-26,159.18325805664062,173.0,0.0,176.5,172.5,175.0,0.0,2200400
2025-03-27,156.88291931152344,170.5,0.0,174.5,170.0,173.0,0.0,2680800
2025-03-28,154.1225128173828,167.5,0.0,171.0,167.5,170.5,0.0,1578600
2025-03-31,151.36212158203125,164.5,0.0,167.5,163.5,166.0,0.0,2670500
2025-04-01,152.7423095703125,166.0,0.0,168.0,165.0,165.0,0.0,1290000
2025-04-02,159.64332580566406,173.5,0.0,174.5,167.5,167.5,0.0,2615600
2025-04-03,159.18325805664062,173.0,0.0,173.0,169.5,170.0,0.0,1239600
2025-04-04,156.4228515625,170.0,0.0,173.0,168.5,173.0,0.0,2332500
2025-04-08,151.8221893310547,165.0,0.0,170.5,160.5,168.5,0.0,4009700
2025-04-09,152.28225708007812,165.5,0.0,166.5,162.0,165.5,0.0,2600800
2025-04-10,155.96279907226562,169.5,0.0,173.5,167.0,170.5,0.0,2417700
2025-04-11,154.5825958251953,168.0,0.0,171.0,166.5,169.0,0.0,1603800
2025-04-16,157.34298706054688,171.0,0.0,172.5,168.5,171.0,0.0,2180700
2025-04-17,157.34298706054688,171.0,0.0,172.0,168.5,171.0,0.0,2005500
2025-04-18,158.7231903076172,172.5,0.0,173.5,169.5,171.0,0.0,1126500
2025-04-21,156.88291931152344,170.5,0.0,174.0,170.0,172.5,0.0,1463700
2025-04-22,157.34298706054688,171.0,0.0,172.0,169.5,169.5,0.0,2130600
2025-04-23,155.5027313232422,169.0,0.0,173.0,168.5,172.5,0.0,3361200
2025-04-24,152.7423095703125,166.0,0.0,168.5,162.5,168.5,0.0,5132900
2025-04-25,150.9020538330078,164.0,0.0,166.0,163.0,164.0,0.0,6829700
2025-04-28,145.84130859375,158.5,0.0,164.0,158.5,164.0,0.0,5371500
2025-04-29,155.0426483154297,168.5,0.0,169.0,159.5,159.5,0.0,7678500
2025-04-30,151.8221893310547,165.0,0.0,167.0,161.5,166.5,0.0,8773400
2025-05-02,152.7423095703125,166.0,0.0,167.5,163.0,165.5,0.0,3910200
2025-05-06,151.8221893310547,165.0,0.0,167.0,161.0,164.0,0.0,4737800
2025-05-07,154.1225128173828,167.5,0.0,168.5,164.5,166.0,0.0,3935300
2025-05-08,149.06178283691406,162.0,0.0,167.0,161.5,167.0,0.0,5837900
2025-05-09,148.60171508789062,161.5,0.0,163.5,159.0,163.5,0.0,3474400
2025-05-13,151.36212158203125,164.5,0.0,165.5,162.5,163.0,0.0,3722200
2025-05-14,152.28225708007812,165.5,0.0,167.0,162.0,164.0,0.0,3455900
2025-05-15,151.8221893310547,165.0,0.0,165.5,162.5,164.0,0.0,2289500
2025-05-16,150.9020538330078,164.0,0.0,166.0,162.5,165.5,0.0,2698100
2025-05-19,151.8221893310547,165.0,0.0,171.0,164.5,164.5,0.0,4358500
2025-05-20,149.52183532714844,162.5,0.0,166.5,161.5,166.5,0.0,4644500
2025-05-21,145.84130859375,158.5,0.0,163.5,158.0,162.5,0.0,5178500
2025-05-22,137.5601043701172,149.5,0.0,158.0,149.5,157.0,0.0,6844300
2025-05-23,132.4993438720703,144.0,0.0,149.5,144.0,149.0,0.0,7681400
2025-05-26,133.8795623779297,145.5,0.0,147.5,144.5,146.0,0.0,4584500
2025-05-27,135.259765625,147.0,0.0,148.5,142.0,145.0,0.0,5373900
2025-05-28,133.8795623779297,145.5,0.0,149.0,145.5,147.5,0.0,3151300
2025-05-29,134.33963012695312,146.0,0.0,148.0,145.0,147.5,0.0,3112700
2025-05-30,128.81881713867188,140.0,0.0,145.5,140.0,144.5,0.0,8133800
2025-06-04,129.27890014648438,140.5,0.0,144.0,136.0,138.5,0.0,7853400
2025-06-05,128.35874938964844,139.5,0.0,142.0,139.0,141.5,0.0,3603300
2025-06-06,126.51848602294922,137.5,0.0,140.0,136.5,139.0,0.0,3605500
2025-06-09,126.51848602294922,137.5,0.0,138.5,135.5,138.0,0.0,3352100
2025-06-10,128.81881713867188,140.0,0.0,140.0,137.5,138.0,0.0,3268100
2025-06-11,129.27890014648438,140.5,0.0,142.0,137.5,140.0,0.0,4238100
2025-06-12,129.73895263671875,141.0,0.0,144.0,140.5,142.0,0.0,3698100
2025-06-13,126.51848602294922,137.5,0.0,141.0,137.5,139.0,0.0,3576600
2025-06-16,127.43862915039062,138.5,0.0,140.5,136.5,137.5,0.0,3754100
2025-06-17,128.81881713867188,140.0,0.0,141.0,138.5,139.0,0.0,1919200
2025-06-18,124.67823028564453,135.5,0.0,140.5,135.5,140.5,0.0,3514800
2025-06-19,120.99767303466797,131.5,0.0,137.0,130.0,136.0,0.0,5782800
2025-06-20,121.45774841308594,132.0,0.0,134.5,131.5,131.5,0.0,3538500
2025-06-23,122.83795166015625,133.5,0.0,134.5,131.0,131.0,0.0,3208500
2025-06-24,124.67823028564453,135.5,0.0,136.5,133.0,136.0,0.0,4440900
2025-06-25,126.97856140136719,138.0,0.0,138.5,134.5,135.0,0.0,2464700
2025-06-26,126.05842590332031,137.0,0.0,139.0,137.0,137.5,0.0,2224300
2025-06-27,123.75808715820312,134.5,0.0,137.0,134.0,137.0,0.0,2210500
2025-06-30,128.35874938964844,139.5,0.0,140.0,136.0,136.0,0.0,2915800
2025-07-01,129.27890014648438,140.5,0.0,141.5,138.0,141.0,0.0,2285600
2025-07-02,129.27890014648438,140.5,0.0,141.0,138.0,140.0,0.0,1465900
2025-07-03,130.1990203857422,141.5,0.0,141.5,138.0,140.0,0.0,2385200
2025-07-04,127.43862915039062,138.5,0.0,141.5,138.0,141.5,0.0,1849000
2025-07-07,126.51848602294922,137.5,0.0,140.0,135.5,139.0,0.0,2967400
2025-07-08,126.51848602294922,137.5,0.0,138.5,136.0,136.0,0.0,1251100
2025-07-09,125.1382827758789,136.0,0.0,138.0,135.5,137.5,0.0,1827000
2025-07-11,125.59834289550781,136.5,0.0,139.5,136.0,137.5,0.0,2035300
2025-07-14,132.4993438720703,144.0,0.0,144.0,137.0,137.0,0.0,5296400
2025-07-15,133.41949462890625,145.0,0.0,146.5,141.0,143.0,0.0,3242700
2025-07-16,132.9594268798828,144.5,0.0,145.5,143.0,145.5,0.0,2188500
2025-07-17,135.259765625,147.0,0.0,147.0,143.5,145.0,0.0,3825800
2025-07-18,133.41949462890625,145.0,0.0,150.0,145.0,147.0,0.0,4750300
2025-07-21,132.9594268798828,144.5,0.0,147.0,144.0,146.5,0.0,2314700
2025-07-22,129.73895263671875,141.0,0.0,145.0,141.0,145.0,0.0,3469400
2025-07-23,133.41949462890625,145.0,0.0,146.0,142.0,142.0,0.0,3905900
2025-07-24,134.79969787597656,146.5,0.0,147.5,142.5,144.0,0.0,4123400
2025-07-25,134.33963012695312,146.0,0.0,146.0,144.5,145.0,0.0,2163600
2025-07-29,139.40037536621094,151.5,0.0,152.0,143.5,147.0,0.0,7687800
2025-07-30,149.06178283691406,162.0,0.0,163.0,151.5,151.5,0.0,14206200
2025-07-31,156.4228515625,170.0,0.0,174.0,168.5,171.5,0.0,14756200
2025-08-01,154.5825958251953,168.0,0.0,172.5,168.0,172.5,0.0,5436400
2025-08-04,164.24400329589844,178.5,0.0,179.0,166.5,168.0,0.0,8451200
2025-08-05,178.50608825683594,194.0,0.0,194.0,186.0,187.0,0.0,11547700
2025-08-06,174.365478515625,189.5,0.0,194.0,185.5,194.0,0.0,9694700
2025-08-07,174.365478515625,189.5,0.0,194.0,187.0,194.0,0.0,6210000
2025-08-08,174.82554626464844,190.0,0.0,191.5,187.5,188.5,0.0,3888400
2025-08-13,172.9852752685547,188.0,0.0,192.5,185.5,190.0,0.0,7259200
2025-08-14,171.12521362304688,184.0,2.0,188.0,183.5,186.5,0.0,4644800
2025-08-15,170.1951904296875,183.0,0.0,187.5,180.5,185.0,0.0,6292000
2025-08-18,166.47508239746094,179.0,0.0,182.0,178.0,182.0,0.0,5633000
2025-08-19,166.94009399414062,179.5,0.0,181.0,175.5,179.0,0.0,6492300
2025-08-20,168.3351287841797,181.0,0.0,181.5,176.5,178.5,0.0,5846700
2025-08-21,164.15000915527344,176.5,0.0,182.5,176.0,182.5,0.0,5436500
2025-08-22,167.4051055908203,180.0,0.0,181.5,176.0,177.5,0.0,5971000
2025-08-25,166.47508239746094,179.0,0.0,182.5,177.5,182.0,0.0,4791800
2025-08-26,164.15000915527344,176.5,0.0,178.5,173.0,178.0,0.0,10154300
2025-08-27,162.28994750976562,174.5,0.0,178.0,174.5,177.0,0.0,5725000
2025-08-28,166.01007080078125,178.5,0.0,179.5,174.5,175.0,0.0,7577000
2025-08-29,165.54505920410156,178.0,0.0,179.5,176.0,179.0,0.0,6237400
2025-09-01,167.4051055908203,180.0,0.0,180.0,177.5,178.0,0.0,3329700
2025-09-02,174.8453369140625,188.0,0.0,188.0,180.0,181.0,0.0,8007100
2025-09-03,174.3803253173828,187.5,0.0,191.0,187.5,189.5,0.0,6669800
2025-09-04,172.0552520751953,185.0,0.0,189.0,184.0,188.0,0.0,3425300
2025-09-05,172.520263671875,185.5,0.0,188.0,185.0,185.5,0.0,3652800
2025-09-08,172.520263671875,185.5,0.0,186.5,184.0,186.0,0.0,2557200
2025-09-09,172.9852752685547,186.0,0.0,189.5,185.0,188.0,0.0,3048600
2025-09-10,171.12521362304688,184.0,0.0,187.0,183.5,185.5,0.0,2403600
2025-09-11,169.26516723632812,182.0,0.0,185.5,181.5,185.5,0.0,2672700
2025-09-12,169.7301788330078,182.5,0.0,185.5,182.0,183.5,0.0,1808600
2025-09-15,169.7301788330078,182.5,0.0,186.0,182.5,184.0,0.0,1975300
2025-09-16,169.26516723632812,182.0,0.0,183.0,181.5,183.0,0.0,2811700
2025-09-17,168.80014038085938,181.5,0.0,185.0,181.0,183.5,0.0,2481400
2025-09-18,170.1951904296875,183.0,0.0,185.0,181.5,183.0,0.0,5677700
2025-09-19,168.3351287841797,181.0,0.0,185.0,178.0,183.5,0.0,7650300
2025-09-22,167.4051055908203,180.0,0.0,182.5,179.0,182.0,0.0,2095100
2025-09-23,167.4051055908203,180.0,0.0,181.5,178.0,180.0,0.0,2251500
2025-09-24,160.89491271972656,173.0,0.0,179.0,170.0,179.0,0.0,8427500
2025-09-25,161.35992431640625,173.5,0.0,175.5,172.5,174.0,0.0,2584800
2025-09-26,163.219970703125,175.5,0.0,175.5,173.5,175.0,0.0,2583400
2025-09-29,164.15000915527344,176.5,0.0,177.5,174.5,176.5,0.0,2034100
2025-09-30,163.219970703125,175.5,0.0,176.5,174.0,176.0,0.0,2231800
2025-10-01,161.82493591308594,174.0,0.0,174.5,172.0,173.5,0.0,2141200
2025-10-02,163.68499755859375,176.0,0.0,178.5,174.5,175.0,0.0,2696200
2025-10-03,160.4298858642578,172.5,0.0,175.5,172.5,175.5,0.0,1601700
2025-10-06,160.89491271972656,173.0,0.0,173.5,171.0,173.0,0.0,1627300
2025-10-07,160.89491271972656,173.0,0.0,173.0,173.0,173.0,0.0,0
2025-10-08,159.96487426757812,172.0,0.0,175.5,171.5,175.0,0.0,1884400
2025-10-09,160.89491271972656,173.0,0.0,173.5,170.5,172.0,0.0,1732600
2025-10-10,163.219970703125,175.5,0.0,178.0,172.0,174.0,0.0,3941200
2025-10-14,159.49986267089844,171.5,0.0,177.0,171.5,176.5,0.0,2775900
2025-10-15,165.54505920410156,178.0,0.0,180.0,171.0,172.5,0.0,5507200
2025-10-16,170.6602020263672,183.5,0.0,185.5,178.0,178.0,0.0,6581600
2025-10-17,169.26516723632812,182.0,0.0,184.5,180.5,181.5,0.0,3153100
2025-10-20,165.08004760742188,177.5,0.0,183.5,177.0,183.0,0.0,2783300
2025-10-21,165.54505920410156,178.0,0.0,180.5,177.0,178.5,0.0,2379600
2025-10-22,168.3351287841797,181.0,0.0,182.5,178.0,178.5,0.0,3171000
2025-10-24,166.47508239746094,179.0,0.0,182.5,178.5,182.0,0.0,2035000
2025-10-27,163.219970703125,175.5,0.0,180.5,174.5,179.5,0.0,2511500
2025-10-28,161.35992431640625,173.5,0.0,176.0,173.5,174.0,0.0,2434500
2025-10-29,161.82493591308594,174.0,0.0,174.5,172.0,173.5,0.0,1396700
2025-10-30,160.89491271972656,173.0,0.0,174.5,172.0,173.0,0.0,1507900
2025-10-31,159.96487426757812,172.0,0.0,173.5,170.0,173.5,0.0,2042600
2025-11-03,158.10482788085938,170.0,0.0,173.5,169.5,173.0,0.0,1419000
2025-11-04,160.89491271972656,173.0,0.0,173.0,167.0,170.0,0.0,3395400
2025-11-05,165.08004760742188,177.5,0.0,178.5,171.0,172.5,0.0,4508100
2025-11-06,165.54505920410156,178.0,0.0,179.5,171.5,179.0,0.0,6986700
2025-11-07,163.219970703125,175.5,0.0,176.0,172.0,176.0,0.0,4485800
2025-11-10,166.94009399414062,179.5,0.0,180.0,174.0,175.5,0.0,3082300
2025-11-11,167.4051055908203,180.0,0.0,181.5,178.5,180.0,0.0,1832900
2025-11-12,168.3351287841797,181.0,0.0,183.5,179.5,181.0,0.0,4250700
2025-11-13,167.4051055908203,180.0,0.0,181.5,178.0,180.5,0.0,2721100
2025-11-14,163.68499755859375,176.0,0.0,181.0,176.0,179.0,0.0,1751800
2025-11-17,163.68499755859375,176.0,0.0,178.5,175.5,175.5,0.0,1509600
2025-11-18,160.89491271972656,173.0,0.0,176.5,172.5,175.0,0.0,2558300
2025-11-19,159.96487426757812,172.0,0.0,174.0,172.0,173.0,0.0,2079300
2025-11-20,160.4298858642578,172.5,0.0,175.0,172.5,173.0,0.0,2152200
2025-11-21,159.49986267089844,171.5,0.0,172.5,171.0,172.0,0.0,1834400
2025-11-24,158.56983947753906,170.5,0.0,173.5,170.5,171.5,0.0,4037000
2025-11-25,161.82493591308594,174.0,0.0,174.0,171.0,171.5,0.0,2511900
2025-11-26,158.56983947753906,170.5,0.0,176.0,170.0,175.0,0.0,2610700
2025-11-27,158.10482788085938,170.0,0.0,172.0,170.0,171.0,0.0,996500
2025-11-28,157.6398162841797,169.5,0.0,171.5,167.0,171.5,0.0,2439900
2025-12-01,158.56983947753906,170.5,0.0,171.5,169.0,170.0,0.0,1367200
2025-12-02,155.77975463867188,167.5,0.0,170.0,167.0,170.0,0.0,1993900
2025-12-03,153.91969299316406,165.5,0.0,169.0,165.0,169.0,0.0,2590600
2025-12-04,145.5494384765625,156.5,0.0,165.0,155.5,165.0,0.0,8265700
2025-12-08,148.80455017089844,160.0,0.0,162.0,156.5,157.5,0.0,4840000
2025-12-09,152.524658203125,164.0,0.0,165.0,159.0,160.0,0.0,4741500
2025-12-11,153.91969299316406,165.5,0.0,167.0,164.0,165.0,0.0,3952100
2025-12-12,154.38470458984375,166.0,0.0,166.5,163.0,166.0,0.0,2487800
2025-12-15,156.24476623535156,168.0,0.0,168.5,163.0,165.0,0.0,3505400
2025-12-16,153.91969299316406,165.5,0.0,169.0,165.5,168.0,0.0,1534100
2025-12-17,152.9896697998047,164.5,0.0,166.0,163.5,165.5,0.0,1356000
2025-12-18,150.1995849609375,161.5,0.0,165.5,160.0,163.5,0.0,1625800
2025-12-19,151.12960815429688,162.5,0.0,163.5,161.5,161.5,0.0,1576000
2025-12-22,148.80455017089844,160.0,0.0,164.5,160.0,162.5,0.0,2195500
2025-12-23,149.7345733642578,161.0,0.0,162.5,160.0,160.0,0.0,2538900
2025-12-24,152.9896697998047,164.5,0.0,165.0,161.0,162.0,0.0,3363100
2025-12-25,149.7345733642578,161.0,0.0,165.5,160.5,165.0,0.0,2115300
2025-12-26,149.26956176757812,160.5,0.0,161.0,159.0,161.0,0.0,1549100
2025-12-29,147.4095001220703,158.5,0.0,161.0,158.5,160.0,0.0,1506800
2025-12-30,146.47946166992188,157.5,0.0,159.5,157.5,158.5,0.0,2123300
2026-01-05,147.87451171875,159.0,0.0,161.5,159.0,160.0,0.0,2713800
2026-01-06,145.0844268798828,156.0,0.0,159.0,152.5,159.0,0.0,7402400
2026-01-07,144.15440368652344,155.0,0.0,155.5,152.5,154.0,0.0,7254100
2026-01-08,143.6893768310547,154.5,0.0,155.5,151.0,154.5,0.0,5518200
2026-01-09,137.17918395996094,147.5,0.0,154.5,147.0,154.5,0.0,11815900
2026-01-12,128.80892944335938,138.5,0.0,145.5,137.5,145.0,0.0,16787900
2026-01-13,126.94886779785156,136.5,0.0,141.0,136.0,139.5,0.0,6867500
2026-01-14,130.20396423339844,140.0,0.0,142.0,139.5,140.0,0.0,5790000
2026-01-15,132.9940643310547,143.0,0.0,144.0,140.0,140.0,0.0,6698600
2026-01-16,133.45907592773438,143.5,0.0,145.0,142.0,143.0,0.0,6234500
2026-01-19,139.50425720214844,150.0,0.0,151.0,142.5,143.0,0.0,7970900
2026-01-20,144.15440368652344,155.0,0.0,156.5,150.5,151.0,0.0,11244500
2026-01-21,153.45468139648438,165.0,0.0,165.0,157.5,158.5,0.0,12032600
2026-01-22,152.05963134765625,163.5,0.0,166.0,162.0,165.0,0.0,7026300
2026-01-23,154.84971618652344,166.5,0.0,169.0,164.5,165.5,0.0,8433100
2026-01-26,155.77975463867188,167.5,0.0,167.5,162.5,166.0,0.0,4837500
2026-01-27,156.7097930908203,168.5,0.0,173.0,168.0,168.5,0.0,5927300
2026-01-28,157.1748046875,169.0,0.0,171.0,166.0,169.0,0.0,3063400
2026-01-29,156.24476623535156,168.0,0.0,169.0,166.5,167.0,0.0,1924300
2026-01-30,155.77975463867188,167.5,0.0,168.0,165.5,166.5,0.0,3378000
2026-02-02,153.45468139648438,165.0,0.0,168.5,163.5,167.5,0.0,3148300
2026-02-03,153.91969299316406,165.5,0.0,168.0,165.0,166.0,0.0,2273500
2026-02-04,153.45468139648438,165.0,0.0,166.5,164.0,165.5,0.0,2108800
2026-02-05,156.24476623535156,168.0,0.0,168.5,163.5,164.5,0.0,3157300
2026-02-06,158.10482788085938,170.0,0.0,174.0,168.5,169.0,0.0,5551700
2026-02-09,164.61502075195312,177.0,0.0,182.0,175.0,178.0,0.0,12167300
2026-02-10,174.3803253173828,187.5,0.0,187.5,175.5,176.5,0.0,9862500
2026-02-11,176.70538330078125,190.0,0.0,195.0,187.5,187.5,0.0,9263500
2026-02-12,177.17039489746094,190.5,0.0,190.5,186.0,186.0,0.0,4060600
2026-02-13,174.3803253173828,187.5,0.0,190.0,187.0,190.0,0.0,2872600
2026-02-16,174.8453369140625,188.0,0.0,189.5,185.5,186.5,0.0,2415400
2026-02-17,175.77536010742188,189.0,0.0,190.5,187.0,187.5,0.0,2056900
2026-02-18,176.24037170410156,189.5,0.0,194.0,188.5,190.0,0.0,3401900
2026-02-19,180.42550659179688,194.0,0.0,198.5,192.5,194.0,0.0,8336500
2026-02-20,177.17039489746094,190.5,0.0,194.5,188.0,193.5,0.0,4783900
2026-02-23,175.3103485107422,188.5,0.0,190.5,187.0,190.0,0.0,3010000
2026-02-24,177.17039489746094,190.5,0.0,190.5,185.5,187.5,0.0,3437000
2026-02-25,178.10043334960938,191.5,0.0,195.0,189.0,192.0,0.0,5795600
2026-02-26,188.79576110839844,203.0,0.0,205.0,192.0,193.0,0.0,10185300
2026-02-27,198.09603881835938,213.0,0.0,214.0,203.0,207.0,0.0,10598500
2026-03-02,172.0552520751953,185.0,0.0,198.0,185.0,197.5,0.0,17696100
2026-03-04,161.35992431640625,173.5,0.0,175.0,164.5,165.0,0.0,15528100
2026-03-05,164.15000915527344,176.5,0.0,183.0,172.5,180.0,0.0,10498000
2026-03-06,159.96487426757812,172.0,0.0,175.5,170.5,174.5,0.0,6054400
2026-03-09,158.56983947753906,170.5,0.0,171.5,164.0,165.0,0.0,8116300
2026-03-10,165.54505920410156,178.0,0.0,181.0,172.5,175.5,0.0,8198500
2026-03-11,166.47508239746094,179.0,0.0,183.0,177.5,178.0,0.0,6003100
2026-03-12,164.15000915527344,176.5,0.0,178.5,175.0,178.0,0.0,6964800
2026-03-13,164.61502075195312,177.0,0.0,178.0,175.5,176.0,0.0,5452500
2026-03-16,164.15000915527344,176.5,0.0,179.5,176.0,178.0,0.0,6096000
2026-03-17,166.11000061035156,169.5,9.0,171.0,168.5,169.0,0.0,5783100
2026-03-18,163.1699981689453,166.5,0.0,170.0,166.0,169.5,0.0,5161300
2026-03-19,157.29000854492188,160.5,0.0,166.0,160.5,164.0,0.0,5951100
2026-03-20,158.760009765625,162.0,0.0,163.5,160.0,162.0,0.0,6789600
2026-03-23,153.86000061035156,157.0,0.0,160.0,156.5,158.5,0.0,6187900
2026-03-24,155.82000732421875,159.0,0.0,162.0,158.5,162.0,0.0,3683300
2026-03-25,165.62001037597656,169.0,0.0,170.0,163.0,164.0,0.0,10299400
2026-03-26,159.74000549316406,163.0,0.0,166.0,162.5,166.0,0.0,5571200
2026-03-27,160.72000122070312,164.0,0.0,166.5,163.0,164.5,0.0,5117200
2026-03-30,161.2100067138672,164.5,0.0,165.5,161.5,162.0,0.0,4275400
2026-03-31,159.74000549316406,163.0,0.0,165.5,160.0,165.5,0.0,7507700
2026-04-01,164.15000915527344,167.5,0.0,169.5,166.5,169.0,0.0,8684000
2026-04-02,165.1300048828125,168.5,0.0,170.5,164.5,166.0,0.0,7574300
2026-04-03,164.15000915527344,167.5,0.0,169.5,166.0,169.5,0.0,4086500
2026-04-07,161.6999969482422,165.0,0.0,167.0,163.5,167.0,0.0,4061000
2026-04-08,170.02999877929688,173.5,0.0,173.5,170.0,171.0,0.0,11074100
2026-04-09,166.60000610351562,170.0,0.0,172.0,168.5,171.5,0.0,7440900
2026-04-10,169.0500030517578,172.5,0.0,174.5,170.0,171.5,0.0,5039500
2026-04-16,173.4600067138672,177.0,0.0,180.5,173.5,175.0,0.0,7764800
2026-04-17,174.44000244140625,178.0,0.0,180.5,176.0,177.0,0.0,4510000
2026-04-20,171.5,175.0,0.0,177.5,174.5,177.5,0.0,3350100
2026-04-21,170.02999877929688,173.5,0.0,177.5,173.0,177.0,0.0,3914500
2026-04-22,166.60000610351562,170.0,0.0,174.5,170.0,173.0,0.0,5438700
2026-04-23,167.08999633789062,170.5,0.0,175.0,169.0,174.0,0.0,7663100
2026-04-24,166.60000610351562,170.0,0.0,170.5,167.0,170.5,0.0,5127500
2026-04-27,167.5800018310547,171.0,0.0,171.0,168.5,169.5,0.0,2701000
2026-04-28,166.60000610351562,170.0,0.0,171.5,169.0,171.0,0.0,3083200
2026-04-29,174.44000244140625,178.0,0.0,178.0,169.5,170.0,0.0,7592400
2026-04-30,176.88999938964844,180.5,0.0,183.0,176.5,177.5,0.0,7637600
2026-05-01,176.88999938964844,180.5,0.0,180.5,180.5,180.5,0.0,0
2026-05-04,176.88999938964844,180.5,0.0,180.5,180.5,180.5,0.0,0
2026-05-05,175.4199981689453,179.0,0.0,180.5,176.5,180.5,0.0,5172200
2026-05-06,175.4199981689453,179.0,0.0,181.0,177.5,181.0,0.0,5222600
2026-05-07,175.91000366210938,179.5,0.0,183.0,178.5,180.0,0.0,5975800
2026-05-08,174.9300079345703,178.5,0.0,180.5,177.5,179.0,0.0,2768800
2026-05-11,172.97000122070312,176.5,0.0,180.0,175.5,179.0,0.0,3576800
2026-05-12,171.99000549316406,175.5,0.0,178.0,175.5,177.0,0.0,1611100
2026-05-13,171.99000549316406,175.5,0.0,177.5,175.0,176.0,0.0,2768800
2026-05-14,174.44000244140625,178.0,0.0,178.0,174.5,175.5,0.0,2756800
2026-05-15,173.9499969482422,177.5,0.0,179.0,176.5,178.0,0.0,2062600
2026-05-18,173.9499969482422,177.5,0.0,178.0,176.0,177.0,0.0,1307700
2026-05-19,173.4600067138672,177.0,0.0,180.0,176.5,178.0,0.0,2268400
2026-05-20,170.02999877929688,173.5,0.0,177.0,173.0,176.5,0.0,5925800
2026-05-21,170.02999877929688,173.5,0.0,175.5,173.0,175.5,0.0,2646900
2026-05-22,170.02999877929688,173.5,0.0,174.5,173.0,174.0,0.0,1790600
2026-05-25,171.99000549316406,175.5,0.0,176.5,174.0,175.5,0.0,4614700
2026-05-26,173.9499969482422,177.5,0.0,180.5,176.0,176.0,0.0,6767400
2026-05-27,174.44000244140625,178.0,0.0,180.0,177.5,179.0,0.0,4410800
2026-05-28,173.9499969482422,177.5,0.0,178.0,176.0,178.0,0.0,1861600
2026-05-29,175.91000366210938,179.5,0.0,182.5,179.0,180.0,0.0,9247800
2026-06-01,175.91000366210938,179.5,0.0,179.5,179.5,179.5,0.0,0
2026-06-02,174.44000244140625,178.0,0.0,181.0,177.5,180.5,0.0,4008300
2026-06-03,174.44000244140625,178.0,0.0,178.0,178.0,178.0,0.0,0
2026-06-04,173.4600067138672,177.0,0.0,178.5,175.5,178.0,0.0,4474000
2026-06-05,180.80999755859375,184.5,0.0,185.5,178.5,179.0,0.0,13375200
2026-06-08,175.4199981689453,179.0,0.0,182.5,178.5,182.5,0.0,6612100
2026-06-09,174.44000244140625,178.0,0.0,181.0,176.5,180.5,0.0,5752000
2026-06-10,172.48001098632812,176.0,0.0,179.0,176.0,176.5,0.0,3351200
2026-06-11,171.99000549316406,175.5,0.0,178.0,175.0,176.0,0.0,3489700
2026-06-12,174.44000244140625,178.0,0.0,178.5,176.5,177.5,0.0,3877900
2026-06-15,181.3000030517578,185.0,0.0,185.0,181.0,181.0,0.0,10814700
2026-06-16,180.80999755859375,184.5,0.0,184.5,182.0,184.0,0.0,4649600
2026-06-17,181.3000030517578,185.0,0.0,187.0,183.0,184.5,0.0,4832800
2026-06-18,182.27999877929688,186.0,0.0,187.0,184.0,185.5,0.0,2517900
2026-06-19,182.77000427246094,186.5,0.0,188.0,185.5,186.0,0.0,4529600
2026-06-22,181.3000030517578,185.0,0.0,189.5,183.5,187.5,0.0,3873200
2026-06-23,179.8300018310547,183.5,0.0,186.5,182.5,184.0,0.0,3157400
2026-06-24,180.80999755859375,184.5,0.0,187.5,183.5,185.0,0.0,2799400
2026-06-25,182.27999877929688,186.0,0.0,188.0,184.5,185.5,0.0,4046200
2026-06-26,184.73001098632812,188.5,0.0,189.0,183.0,184.0,0.0,5264100
2026-06-29,187.1800079345703,191.0,0.0,191.5,188.0,188.0,0.0,4256600
2026-06-30,184.24000549316406,188.0,0.0,191.5,186.0,191.0,0.0,5791000
2026-07-01,184.24000549316406,188.0,0.0,189.5,187.5,189.0,0.0,1541300
2026-07-02,188.65000915527344,192.5,0.0,192.5,188.0,189.0,0.0,4465100
2026-07-03,189.13999938964844,193.0,0.0,194.5,191.5,194.0,0.0,4570900
2026-07-06,187.1800079345703,191.0,0.0,195.0,189.5,194.0,0.0,4059800
2026-07-07,186.1999969482422,190.0,0.0,191.0,187.0,190.5,0.0,4042100
2026-07-08,180.32000732421875,184.0,0.0,189.5,183.0,188.0,0.0,5437100
2026-07-09,181.79000854492188,185.5,0.0,187.0,184.5,185.5,0.0,3110100
2026-07-10,182.77000427246094,186.5,0.0,187.5,186.0,187.0,0.0,1549700
2026-07-13,181.3000030517578,185.0,0.0,186.0,184.0,185.0,0.0,4487300
2026-07-14,179.33999633789062,183.0,0.0,184.0,183.0,184.0,0.0,2542700
2026-07-15,179.8300018310547,183.5,0.0,185.5,183.5,184.5,0.0,1669500
2026-07-16,182.27999877929688,186.0,0.0,186.5,183.5,184.5,0.0,3869200
2026-07-17,182.77000427246094,186.5,0.0,187.5,185.0,186.0,0.0,3175100
2026-07-20,179.8300018310547,183.5,0.0,187.0,182.0,187.0,0.0,4810400
2026-07-21,180.32000732421875,184.0,0.0,185.5,183.0,184.0,0.0,3464800
2026-07-22,177.87001037597656,181.5,0.0,184.0,181.5,183.5,0.0,3695600
2026-07-23,177.87001037597656,181.5,0.0,183.0,181.0,183.0,0.0,2216600
2026-07-24,175.4199981689453,179.0,0.0,180.0,178.5,179.0,0.0,3405500
2026-07-27,179.33999633789062,183.0,0.0,184.0,180.5,181.0,0.0,4318200
2026-07-28,179.33999633789062,183.0,0.0,183.0,183.0,183.0,0.0,0
2026-07-29,179.33999633789062,183.0,0.0,183.0,183.0,183.0,0.0,0
2026-07-30,182.77000427246094,186.5,0.0,187.0,181.5,183.0,0.0,7032800
2026-07-31,183.75,187.5,0.0,188.0,185.5,186.0,0.0,5487700
2026-08-03,184.73001098632812,188.5,0.0,190.0,186.5,188.0,0.0,4170000
2026-08-04,184.24000549316406,188.0,0.0,191.0,187.5,188.5,0.0,3534600
2026-08-05,185.7100067138672,189.5,0.0,191.5,189.5,191.0,0.0,4189600
2026-08-06,186.69000244140625,190.5,0.0,193.5,189.5,189.5,0.0,5593800
2026-08-07,188.65000915527344,192.5,0.0,192.5,189.5,190.5,0.0,2795600
2026-08-10,187.1800079345703,191.0,0.0,194.0,190.5,192.5,0.0,4827200
2026-08-11,185.22000122070312,189.0,0.0,193.0,188.5,191.5,0.0,4604300
2026-08-12,185.22000122070312,189.0,0.0,189.0,189.0,189.0,0.0,0
2026-08-13,186.1999969482422,190.0,0.0,191.5,188.5,190.0,0.0,3468800
2026-08-14,191.10000610351562,195.0,0.0,197.5,191.5,192.0,0.0,8888800
2026-08-17,187.1800079345703,191.0,0.0,196.0,190.5,196.0,0.0,5438600
2026-08-18,190.61000061035156,194.5,0.0,197.5,190.0,191.5,0.0,6949100
2026-08-19,192.0800018310547,196.0,0.0,198.5,194.5,194.5,0.0,5259200
2026-08-20,194.04000854492188,198.0,0.0,202.0,196.0,200.0,0.0,8223900
2026-08-21,196.0,200.0,0.0,202.0,197.5,199.0,0.0,4602800
2026-08-24,197.9600067138672,202.0,0.0,207.0,201.0,202.0,0.0,5265300
2026-08-25,199.9199981689453,204.0,0.0,206.0,202.0,203.0,0.0,4265800
2026-08-26,200.90000915527344,205.0,0.0,206.0,202.0,205.0,0.0,4665600
2026-08-27,196.0,200.0,0.0,205.0,200.0,205.0,0.0,3275000
2026-08-28,192.0,192.0,4.0,197.0,192.0,196.0,0.0,4732100
2026-08-31,191.5,191.5,0.0,192.0,189.0,191.0,0.0,3524600
2026-09-01,192.0,192.0,0.0,193.0,191.0,191.0,0.0,2685200
2026-09-02,190.5,190.5,0.0,193.0,189.5,190.5,0.0,3332700
2026-09-03,194.0,194.0,0.0,195.5,192.0,192.0,0.0,6206300
2026-09-04,192.5,192.5,0.0,195.5,192.5,195.0,0.0,2968000
2026-09-07,193.5,193.5,0.0,195.0,193.0,193.0,0.0,1176000
2026-09-08,198.5,198.5,0.0,199.5,195.5,196.0,0.0,5551900
2026-09-09,196.5,196.5,0.0,198.5,196.0,198.0,0.0,1911900
2026-09-10,198.0,198.0,0.0,199.5,196.0,196.5,0.0,2205000
2026-09-11,195.5,195.5,0.0,198.0,194.5,196.5,0.0,2520900
2026-09-14,195.0,195.0,0.0,196.5,194.5,195.0,0.0,1876200
2026-09-15,199.5,199.5,0.0,200.0,195.5,195.5,0.0,3610800
2026-09-16,199.0,199.0,0.0,201.0,198.0,200.0,0.0,1732900
2026-09-17,198.0,198.0,0.0,200.0,197.5,199.5,0.0,2740800
2026-09-18,198.0,198.0,0.0,198.5,194.5,198.0,0.0,4556200
